custid,gender
3500,0.541607142857143
3501,0.19411904761904758
3502,0.15555357142857146
3503,0.529452380952381
3504,0.42727871148459373
3505,0.3932301587301587
3506,0.2198333333333333
3507,0.6891584029839275
3508,0.05983462033462032
3509,0.21675
3510,0.21522222222222226
3511,0.3080784313725491
3512,0.454654761904762
3513,0.12733333333333335
3514,0.5903333333333333
3515,0.22148214285714285
3516,0.1468452380952381
3517,0.2889166666666667
3518,0.45879853479853494
3519,0.5385833333333333
3520,0.4613333333333333
3521,0.33625
3522,0.8611562627498978
3523,0.2000714285714286
3524,0.225
3525,0.49429960317460325
3526,0.11691666666666667
3527,0.6148392857142856
3528,0.7093382352941175
3529,0.43015151515151523
3530,0.42424999999999996
3531,0.5271785714285715
3532,0.37083333333333324
3533,0.2810833333333333
3534,0.35069047619047616
3535,0.5377715442452287
3536,0.6940000000000001
3537,0.3910357142857144
3538,0.45236111111111105
3539,0.42746958874458885
3540,0.24672619047619054
3541,0.33833333333333326
3542,0.41716666666666674
3543,0.48249999999999993
3544,0.3212777777777778
3545,0.21666666666666667
3546,0.11507142857142856
3547,0.05291666666666668
3548,0.5111988270738271
3549,0.18962500000000002
3550,0.4994285714285715
3551,0.5571259920634921
3552,0.37204166666666666
3553,0.4215952380952382
3554,0.3468452380952381
3555,0.3167261904761904
3556,0.459510257858084
3557,0.27936904761904763
3558,0.32496428571428565
3559,0.43675
3560,0.4125357142857143
3561,0.24875000000000008
3562,0.3475
3563,0.3209166666666667
3564,0.44508333333333333
3565,0.3414890873015873
3566,0.11674999999999999
3567,0.6359166666666666
3568,0.24942261904761906
3569,0.47162499999999996
3570,0.09116666666666666
3571,0.24959523809523806
3572,0.7093343822157759
3573,0.31494736842105264
3574,0.43290476190476196
3575,0.7789599703885601
3576,0.5434880952380952
3577,0.21560119047619042
3578,0.5086309523809522
3579,0.06716666666666667
3580,0.4424871933621935
3581,0.5369362351515367
3582,0.4870632156224478
3583,0.42817032967032964
3584,0.5749166666666669
3585,0.2828809523809525
3586,0.2347023809523809
3587,0.2370833333333333
3588,0.22683333333333336
3589,0.2441309523809524
3590,0.4308809523809524
3591,0.40874999999999995
3592,0.3655681471306471
3593,0.5292380952380951
3594,0.3020833333333333
3595,0.5255845141700404
3596,0.44658333333333333
3597,0.415797619047619
3598,0.26967857142857143
3599,0.4083336036168854
3600,0.3878928571428572
3601,0.11552976190476189
3602,0.49244047619047626
3603,0.15133333333333335
3604,0.3355
3605,0.30000000000000004
3606,0.27527535546382287
3607,0.24533333333333332
3608,0.27107142857142863
3609,0.35075
3610,0.5629722222222223
3611,0.4973991425241426
3612,0.9210669770356121
3613,0.22008333333333335
3614,0.5271100802204036
3615,0.14700000000000002
3616,0.4921407203907202
3617,0.8194337027914612
3618,0.46475595238095235
3619,0.09720833333333335
3620,0.42021428571428565
3621,0.3633030303030304
3622,0.3520357142857143
3623,0.5307380952380951
3624,0.31249999999999994
3625,0.3967886996052632
3626,0.30683333333333335
3627,0.19116666666666668
3628,0.5334464285714288
3629,0.15583333333333332
3630,0.2583690476190476
3631,0.7589690299620461
3632,0.5034404761904762
3633,0.2550681818181818
3634,0.2512380952380953
3635,0.35708333333333336
3636,0.44902380952380966
3637,0.39404761904761915
3638,0.2265357142857143
3639,0.5528412698412698
3640,0.5597738095238095
3641,0.10833333333333332
3642,0.7243958333333333
3643,0.23028571428571432
3644,0.31699999999999995
3645,0.4844642857142857
3646,0.2286904761904762
3647,0.38538571428571416
3648,0.6783113835212546
3649,0.4723967073703916
3650,0.23277380952380952
3651,0.44475000000000003
3652,0.26575
3653,0.4967976190476189
3654,0.4251596638655462
3655,0.3586845238095238
3656,0.3830357142857143
3657,0.2895714285714286
3658,0.1713690476190476
3659,0.12966666666666668
3660,0.3093214285714286
3661,0.33742857142857147
3662,0.26015476190476183
3663,0.5794136457886457
3664,0.56250609615827
3665,0.5842717645726367
3666,0.7973441569417734
3667,0.32849999999999996
3668,0.30004761904761906
3669,0.4735833333333334
3670,0.3624166666666666
3671,0.5213900166641418
3672,0.22091666666666668
3673,0.31551190476190477
3674,0.6098035714285713
3675,0.7100357142857142
3676,0.16860714285714287
3677,0.5129746240601504
3678,0.22658333333333336
3679,0.3617083333333334
3680,0.37541666666666673
3681,0.6634183021010436
3682,0.4545972222222221
3683,0.13999999999999999
3684,0.45604166666666657
3685,0.3824166666666667
3686,0.2155833333333333
3687,0.33180952380952383
3688,0.27649999999999997
3689,0.4664174548251966
3690,0.31500000000000006
3691,0.12896428571428573
3692,0.20166666666666663
3693,0.42716666666666664
3694,0.2533333333333333
3695,0.7428088316722038
3696,0.4608502854358118
3697,0.2921666666666667
3698,0.24883333333333332
3699,0.3985
3700,0.3828273809523809
3701,0.3711309523809524
3702,0.21003571428571433
3703,0.46121031746031776
3704,0.4453611111111112
3705,0.5468159475264739
3706,0.3925
3707,0.1793928571428571
3708,0.16216666666666665
3709,0.2481309523809524
3710,0.16906547619047615
3711,0.1600595238095238
3712,0.5159363379378679
3713,0.18350000000000002
3714,0.67675
3715,0.2873690476190476
3716,0.24494642857142854
3717,0.49987500000000007
3718,0.08982142857142858
3719,0.28375
3720,0.4718333333333334
3721,0.5379893141375812
3722,0.16716666666666669
3723,0.4016666666666666
3724,0.16614729225023342
3725,0.3905833333333332
3726,0.6815810844126632
3727,0.2935952380952382
3728,0.6303809523809523
3729,0.4644317308318676
3730,0.3579404761904761
3731,0.3450513570292983
3732,0.4483928571428571
3733,0.6829999999999998
3734,0.27602380952380945
3735,0.33191666666666675
3736,0.3022857142857143
3737,0.5506836187691452
3738,0.22515476190476189
3739,0.6181657941541663
3740,0.45229656862745093
3741,0.5509564028314028
3742,0.2682857142857143
3743,0.31746428571428564
3744,0.29166666666666663
3745,0.17734523809523814
3746,0.3689166666666668
3747,0.17500000000000004
3748,0.14108333333333337
3749,0.6247969269102992
3750,0.28863095238095243
3751,0.33844882633469586
3752,0.21082936507936512
3753,0.5408372859025032
3754,0.30033333333333334
3755,0.7727857142857143
3756,0.6695290697674419
3757,0.5520357142857144
3758,0.4309761904761904
3759,0.4516190476190478
3760,0.11641666666666667
3761,0.34814285714285703
3762,0.27775
3763,0.16207142857142856
3764,0.4200158372658373
3765,0.23616666666666664
3766,0.5258392857142858
3767,0.518857142857143
3768,0.1255
3769,0.20782738095238099
3770,0.6557670622926376
3771,0.30125
3772,0.5652142857142856
3773,0.4325714285714286
3774,0.29069444444444437
3775,0.5235397993088785
3776,0.7609977414466398
3777,0.35140476190476183
3778,0.25941666666666663
3779,0.40108333333333335
3780,0.31055668993168994
3781,0.5790128205128207
3782,0.48597619047619034
3783,0.20191666666666663
3784,0.3418659812409813
3785,0.6738203847369668
3786,0.31099999999999994
3787,0.4091309523809524
3788,0.42100814125814123
3789,0.24065476190476187
3790,0.10891666666666668
3791,0.3160833333333333
3792,0.6069700307672263
3793,0.5605357142857142
3794,0.2321309523809524
3795,0.35938464405964426
3796,0.07666666666666666
3797,0.426047619047619
3798,0.32202116402116404
3799,0.5314583333333333
3800,0.13441666666666666
3801,0.039
3802,0.15333333333333335
3803,0.16425
3804,0.398875
3805,0.41083333333333316
3806,0.48791332686920924
3807,0.226
3808,0.619797619047619
3809,0.23073015873015873
3810,0.388422619047619
3811,0.551571619395989
3812,0.5421666666666668
3813,0.6421716364282153
3814,0.340404761904762
3815,0.5587797619047621
3816,0.4040833333333333
3817,0.20358333333333334
3818,0.41750595238095245
3819,0.20679166666666668
3820,0.5489166666666667
3821,0.4614639469608982
3822,0.1328333333333333
3823,0.3508690476190477
3824,0.23691666666666658
3825,0.5499298634182356
3826,0.24329761904761907
3827,0.383047619047619
3828,0.27325000000000005
3829,0.40675000000000006
3830,0.8865350221483941
3831,0.23941666666666667
3832,0.25325
3833,0.07805555555555556
3834,0.22816666666666666
3835,0.16551190476190475
3836,0.17299999999999996
3837,0.27716666666666673
3838,0.573625390113762
3839,0.6559523809523808
3840,0.35538461538461547
3841,0.12441666666666665
3842,0.29710317460317465
3843,0.22620238095238096
3844,0.39675
3845,0.07663095238095238
3846,0.340125
3847,0.36233333333333334
3848,0.2600714285714285
3849,0.8063394372567099
3850,0.26391666666666663
3851,0.09766666666666668
3852,0.4134880952380952
3853,0.4029340943228412
3854,0.4589107142857142
3855,0.109
3856,0.4033690476190477
3857,0.12708333333333333
3858,0.2971785714285714
3859,0.5355119047619049
3860,0.735429150970733
3861,0.2955
3862,0.27153571428571427
3863,0.5249880952380953
3864,0.4611861890302679
3865,0.5941845617832459
3866,0.6394620105517415
3867,0.6034444444444444
3868,0.4310952380952383
3869,0.4063412698412698
3870,0.31665151515151524
3871,0.47982142857142845
3872,0.6045146520146522
3873,0.4091190476190476
3874,0.40673809523809523
3875,0.05708333333333333
3876,0.34833333333333344
3877,0.20176388888888883
3878,0.483
3879,0.43294444444444435
3880,0.7074414160401001
3881,0.12183333333333332
3882,0.15183333333333332
3883,0.37990476190476186
3884,0.33378571428571435
3885,0.41223809523809524
3886,0.4933758965509684
3887,0.38016071428571413
3888,0.38175
3889,0.21458333333333335
3890,0.5542467401689358
3891,0.2561785714285715
3892,0.2363333333333334
3893,0.20515476190476192
3894,0.13191666666666665
3895,0.0845
3896,0.27608333333333335
3897,0.19116666666666662
3898,0.5915476190476192
3899,0.2402976190476191
3900,0.6876309523809525
3901,0.5611666666666667
3902,0.28459523809523807
3903,0.31597619047619047
3904,0.45604761904761904
3905,0.4116309523809524
3906,0.4821626984126982
3907,0.16919444444444445
3908,0.20392857142857143
3909,0.6056230158730158
3910,0.26341666666666663
3911,0.08166666666666668
3912,0.7592203865353356
3913,0.5778485449735452
3914,0.31266666666666665
3915,0.20358333333333328
3916,0.2476666666666667
3917,0.6379781746031746
3918,0.47183170533170515
3919,0.14691666666666664
3920,0.4029642857142858
3921,0.44473809523809515
3922,0.47608333333333336
3923,0.37578709916113995
3924,0.3053343253968254
3925,0.1739880952380953
3926,0.22558333333333333
3927,0.12283333333333334
3928,0.43548260457416993
3929,0.4799047619047619
3930,0.3521111111111111
3931,0.17908333333333334
3932,0.5501666666666667
3933,0.41383333333333333
3934,0.08416666666666667
3935,0.2108214285714286
3936,0.10225000000000001
3937,0.3210416666666667
3938,0.638720238095238
3939,0.13116666666666668
3940,0.49058461538461534
3941,0.3211666666666666
3942,0.18975000000000006
3943,0.2969166666666666
3944,0.17280555555555557
3945,0.35633333333333334
3946,0.46634523809523815
3947,0.05405555555555555
3948,0.41704166666666653
3949,0.5631666666666666
3950,0.37296428571428586
3951,0.4551666666666667
3952,0.2805238095238095
3953,0.4745416666666666
3954,0.7673207364341087
3955,0.5143809523809524
3956,0.19565919701213821
3957,0.2708214285714286
3958,0.38483333333333325
3959,0.3090833333333333
3960,0.43763422350922354
3961,0.43258333333333326
3962,0.4873869047619047
3963,0.14091666666666666
3964,0.44916666666666666
3965,0.588436741936742
3966,0.3062857142857142
3967,0.26245833333333335
3968,0.8832254983388704
3969,0.24085714285714283
3970,0.28900000000000003
3971,0.20844047619047615
3972,0.335802386439476
3973,0.5465632176371161
3974,0.5494761904761905
3975,0.5686589918881255
3976,0.39508928571428575
3977,0.26366666666666666
3978,0.5747717263967266
3979,0.4949999999999999
3980,0.29229761904761903
3981,0.13541666666666669
3982,0.26141666666666663
3983,0.5048333333333332
3984,0.5574642857142856
3985,0.09091666666666669
3986,0.12774999999999997
3987,0.1517420634920635
3988,0.28830952380952385
3989,0.6552635972686057
3990,0.34541666666666665
3991,0.37694079708324574
3992,0.09798809523809526
3993,0.17341666666666666
3994,0.19578571428571426
3995,0.389595238095238
3996,0.42875
3997,0.3384444444444443
3998,0.7080436507936508
3999,0.5801584557323541
4000,0.28495238095238096
4001,0.42870238095238095
4002,0.37916666666666676
4003,0.2501984126984127
4004,0.48947619047619034
4005,0.20287499999999994
4006,0.3849476073389886
4007,0.6115714285714284
4008,0.4686309523809525
4009,0.380136904761905
4010,0.22528571428571428
4011,0.19688605501105502
4012,0.3653392857142857
4013,0.3396666666666666
4014,0.10074999999999999
4015,0.46466666666666656
4016,0.2887380952380952
4017,0.2702261904761905
4018,0.5173293650793651
4019,0.2774166666666666
4020,0.3811904761904762
4021,0.5692916666666666
4022,0.5319285714285715
4023,0.3623333333333334
4024,0.57075
4025,0.610297619047619
4026,0.7366190476190476
4027,0.6899576411960137
4028,0.2866666666666666
4029,0.15803571428571433
4030,0.15146031746031746
4031,0.2395952380952381
4032,0.5712499999999999
4033,0.291822562947563
4034,0.35186904761904764
4035,0.7028981676218519
4036,0.615309523809524
4037,0.11641666666666664
4038,0.3744999999999999
4039,0.28870238095238104
4040,0.39265476190476184
4041,0.32188095238095243
4042,0.2459880952380952
4043,0.20858333333333334
4044,0.5448878205128207
4045,0.8195447785689037
4046,0.3000833333333333
4047,0.12969444444444445
4048,0.597421568627451
4049,0.3734166666666667
4050,0.11950000000000001
4051,0.2929166666666667
4052,0.2681666666666666
4053,0.27891071428571423
4054,0.3221666666666667
4055,0.5174293546763058
4056,0.7396545257028962
4057,0.2238511904761905
4058,0.5553273809523808
4059,0.776763718890249
4060,0.42463095238095244
4061,0.3116130952380952
4062,0.5324940476190477
4063,0.3927142857142858
4064,0.4887679439458331
4065,0.49104166666666665
4066,0.13983333333333337
4067,0.23341666666666666
4068,0.2033888888888889
4069,0.3959404761904761
4070,0.34671428571428586
4071,0.39847023809523796
4072,0.15139285714285713
4073,0.13849999999999998
4074,0.3739166666666667
4075,0.3742023809523809
4076,0.3017107843137255
4077,0.3535000000000001
4078,0.44266643046480114
4079,0.537280470327666
4080,0.5566562950937951
4081,0.28291666666666665
4082,0.32741666666666674
4083,0.3681190476190476
4084,0.44265422077922073
4085,0.24166666666666664
4086,0.39261255411255414
4087,0.5264166666666666
4088,0.28455357142857146
4089,0.19183333333333333
4090,0.4072678571428571
4091,0.3526304112554112
4092,0.45710714285714293
4093,0.7750322128851542
4094,0.3272380952380952
4095,0.31715476190476194
4096,0.6700178571428572
4097,0.6710894294916032
4098,0.51575
4099,0.521116809942368
4100,0.7046309523809525
4101,0.49113888888888896
4102,0.22541666666666668
4103,0.26935714285714285
4104,0.07741666666666665
4105,0.5988511904761905
4106,0.25666666666666665
4107,0.4414166666666667
4108,0.3529761904761904
4109,0.33158333333333334
4110,0.15566666666666668
4111,0.6496964285714284
4112,0.45637499999999986
4113,0.24730838530838525
4114,0.4096666666666666
4115,0.7225654761904763
4116,0.5225416666666666
4117,0.4314166666666667
4118,0.19483333333333333
4119,0.4931904761904763
4120,0.4026904761904762
4121,0.6386309523809526
4122,0.4668333333333332
4123,0.4172380952380952
4124,0.6534183763672747
4125,0.29627380952380955
4126,0.06983333333333333
4127,0.20608333333333334
4128,0.04416666666666666
4129,0.3789107142857142
4130,0.33516666666666667
4131,0.4375
4132,0.33457142857142863
4133,0.18903571428571425
4134,0.5018214285714285
4135,0.3001785714285714
4136,0.6214583333333333
4137,0.20791666666666667
4138,0.3238333333333334
4139,0.24634890109890112
4140,0.7703740532153666
4141,0.1955952380952381
4142,0.19691666666666663
4143,0.3431666666666667
4144,0.6852612126245848
4145,0.8711709719828735
4146,0.38466666666666677
4147,0.5686933680354732
4148,0.5404404761904763
4149,0.7992591575091573
4150,0.35717857142857157
4151,0.3187220853858785
4152,0.5761666666666667
4153,0.61075
4154,0.3060833333333333
4155,0.23983333333333334
4156,0.38199999999999995
4157,0.2707619047619048
4158,0.5572738095238094
4159,0.18963095238095234
4160,0.7104159745293467
4161,0.2909722222222223
4162,0.27261507936507945
4163,0.3730119047619048
4164,0.5671079014935247
4165,0.35150000000000003
4166,0.48403571428571424
4167,0.5958766244742412
4168,0.34980212418300644
4169,0.37074999999999997
4170,0.2946785714285714
4171,0.41895332832832816
4172,0.3571428571428572
4173,0.49917857142857147
4174,0.4944761904761904
4175,0.2567738095238095
4176,0.6170357142857141
4177,0.32289880952380945
4178,0.16449999999999995
4179,0.0923690476190476
4180,0.2224583333333333
4181,0.07122619047619048
4182,0.42079761904761903
4183,0.2303452380952381
4184,0.13980555555555557
4185,0.19330952380952382
4186,0.46920833333333334
4187,0.17458333333333337
4188,0.7112172081465776
4189,0.46130357142857137
4190,0.03166666666666666
4191,0.42919047619047623
4192,0.4238990929133118
4193,0.6341716575091576
4194,0.43849999999999995
4195,0.7155983499974751
4196,0.5827941865942584
4197,0.4549404761904763
4198,0.37433333333333324
4199,0.24822619047619046
4200,0.39917857142857144
4201,0.4256488095238097
4202,0.13041666666666665
4203,0.5585162643490063
4204,0.6962857142857142
4205,0.15933333333333333
4206,0.6555592295586311
4207,0.3700833333333333
4208,0.2559523809523809
4209,0.48797619047619056
4210,0.2625833333333334
4211,0.3969166666666666
4212,0.2805595238095238
4213,0.15716666666666668
4214,0.21975000000000008
4215,0.34491666666666665
4216,0.5455416666666666
4217,0.24725000000000003
4218,0.3566666666666667
4219,0.5165219780219781
4220,0.6899940957710604
4221,0.17871428571428571
4222,0.3992380952380952
4223,0.1381666666666667
4224,0.1361626984126984
4225,0.3869166666666667
4226,0.5525
4227,0.5383993853368853
4228,0.3490989010989011
4229,0.3942023809523809
4230,0.5354861712361711
4231,0.4568333333333333
4232,0.4744880952380952
4233,0.13191666666666665
4234,0.371202380952381
4235,0.6238815628815629
4236,0.40469047619047627
4237,0.5831992537501258
4238,0.5505773809523808
4239,0.27237628700128697
4240,0.14194444444444446
4241,0.2037023809523809
4242,0.21616666666666667
4243,0.19316666666666663
4244,0.28702777777777777
4245,0.20241666666666666
4246,0.8653207364341086
4247,0.49225
4248,0.25275000000000003
4249,0.30390616751669386
4250,0.3255714285714286
4251,0.5336740196078433
4252,0.24925
4253,0.2975
4254,0.25265476190476194
4255,0.28691666666666665
4256,0.11550000000000002
4257,0.37321918767507006
4258,0.6491746031746033
4259,0.8240054445278726
4260,0.49066666666666664
4261,0.17570238095238097
4262,0.19558333333333328
4263,0.3187806776556777
4264,0.4049890350877194
4265,0.06108333333333334
4266,0.7572500000000002
4267,0.26325
4268,0.14150000000000001
4269,0.22008333333333333
4270,0.5509294871794872
4271,0.3756190476190476
4272,0.05975
4273,0.6266666666666667
4274,0.7107797619047619
4275,0.3852380952380953
4276,0.6723840343612654
4277,0.48266666666666674
4278,0.12240476190476189
4279,0.4569999999999999
4280,0.48633823529411757
4281,0.40099999999999997
4282,0.34619047619047616
4283,0.5157380952380952
4284,0.7926846722496217
4285,0.3956309523809523
4286,0.31491666666666673
4287,0.6125
4288,0.5208690476190475
4289,0.6341121484534618
4290,0.3438650793650795
4291,0.31663888888888886
4292,0.63625105856296
4293,0.3648733627483627
4294,0.18570238095238095
4295,0.17608333333333334
4296,0.3298677248677249
4297,0.2414166666666667
4298,0.24344841269841264
4299,0.4606306471306471
4300,0.1949523809523809
4301,0.2197916666666667
4302,0.15584126984126984
4303,0.17808333333333334
4304,0.41725
4305,0.5125474386724388
4306,0.3748194444444444
4307,0.3653214285714285
4308,0.2752738095238095
4309,0.174
4310,0.31125
4311,0.57837343358396
4312,0.3713928571428572
4313,0.4725297619047618
4314,0.15699999999999997
4315,0.555539586134826
4316,0.4966666666666666
4317,0.6149166666666666
4318,0.46666666666666673
4319,0.4659191176470586
4320,0.2501011904761905
4321,0.4161666666666666
4322,0.41308333333333336
4323,0.31833333333333336
4324,0.39033333333333337
4325,0.5723333333333332
4326,0.7345773809523807
4327,0.5346661255411257
4328,0.2733055555555556
4329,0.38207234432234427
4330,0.48070238095238094
4331,0.5124900793650793
4332,0.6613893844459633
4333,0.3748571428571428
4334,0.33833333333333326
4335,0.2778333333333333
4336,0.5307380952380952
4337,0.56125
4338,0.5717947615250247
4339,0.1979880952380952
4340,0.36661904761904757
4341,0.5254545999500162
4342,0.47439560439560424
4343,0.12183333333333334
4344,0.39741666666666675
4345,0.28388095238095234
4346,0.055166666666666676
4347,0.28074999999999994
4348,0.46171428571428563
4349,0.7494244663382595
4350,0.19579166666666667
4351,0.07250000000000001
4352,0.3964861111111111
4353,0.4635
4354,0.32879166666666665
4355,0.21947588522588524
4356,0.42763293650793655
4357,0.2479087301587302
4358,0.4132067187198766
4359,0.4485416666666667
4360,0.8303571428571428
4361,0.6413452380952381
4362,0.33183333333333337
4363,0.5415833333333334
4364,0.531297619047619
4365,0.29485714285714293
4366,0.15016666666666664
4367,0.5275416666666667
4368,0.1568888888888889
4369,0.699059523809524
4370,0.39362500000000006
4371,0.28263095238095237
4372,0.6298968253968255
4373,0.5182063492063493
4374,0.2012738095238095
4375,0.5136011904761905
4376,0.3436071428571429
4377,0.258984126984127
4378,0.3705833333333333
4379,0.3514816017316018
4380,0.3735
4381,0.2685833333333334
4382,0.4916666666666667
4383,0.5376397086279691
4384,0.461297619047619
4385,0.2579166666666666
4386,0.2669642857142857
4387,0.5301613247863248
4388,0.30555695970695973
4389,0.3854629357380724
4390,0.4102380952380952
4391,0.34991666666666643
4392,0.6619166666666666
4393,0.2024404761904762
4394,0.2388333333333333
4395,0.46524999999999994
4396,0.5245000000000002
4397,0.22511904761904758
4398,0.7649310511126299
4399,0.24329166666666668
4400,0.36919047619047624
4401,0.250452380952381
4402,0.41996717171717163
4403,0.25727976190476187
4404,0.39232142857142854
4405,0.5079166666666667
4406,0.3605952380952382
4407,0.5372500000000001
4408,0.34990476190476194
4409,0.3715833333333333
4410,0.5394747011414929
4411,0.39630602240896345
4412,0.10350000000000001
4413,0.3161666666666667
4414,0.40199999999999997
4415,0.4207500000000001
4416,0.5691726190476192
4417,0.36791666666666667
4418,0.28864285714285715
4419,0.2978333333333334
4420,0.24916666666666668
4421,0.36392857142857143
4422,0.6449475478225479
4423,0.38532653140203443
4424,0.5197545026138669
4425,0.34251984126984125
4426,0.5407499999999998
4427,0.21625
4428,0.4658452380952381
4429,0.37917769730269724
4430,0.34918452380952386
4431,0.4470833333333333
4432,0.5099556935267461
4433,0.1519761904761905
4434,0.10850000000000001
4435,0.5198075396825397
4436,0.16511904761904758
4437,0.39108333333333334
4438,0.16724999999999998
4439,0.37494047619047616
4440,0.20091666666666658
4441,0.20633333333333337
4442,0.2960714285714286
4443,0.16774999999999998
4444,0.49424999999999997
4445,0.46183065953654195
4446,0.31875
4447,0.5049642857142858
4448,0.3275357142857143
4449,0.2045
4450,0.05855555555555557
4451,0.4569464285714286
4452,0.42533333333333345
4453,0.27464285714285713
4454,0.5705108598298254
4455,0.33758333333333335
4456,0.2929642857142856
4457,0.19666666666666666
4458,0.27670833333333333
4459,0.23575000000000002
4460,0.3396666666666667
4461,0.28526190476190477
4462,0.5256283643892341
4463,0.35063373015873006
4464,0.12399999999999999
4465,0.49124999999999985
4466,0.43608333333333327
4467,0.4083571428571428
4468,0.5635416666666666
4469,0.4646666666666666
4470,0.13066666666666665
4471,0.3294444444444445
4472,0.5016666666666666
4473,0.5479285714285714
4474,0.28182142857142856
4475,0.5639759984639019
4476,0.44157142857142856
4477,0.19741666666666668
4478,0.8009556288032453
4479,0.4813690476190476
4480,0.2615
4481,0.11620238095238097
4482,0.31908333333333333
4483,0.2795
4484,0.40075879953379967
4485,0.13574999999999998
4486,0.12858333333333333
4487,0.1900833333333333
4488,0.22999999999999995
4489,0.28616666666666674
4490,0.21138492063492062
4491,0.6232619047619048
4492,0.4803574989824989
4493,0.3202361111111111
4494,0.14566666666666667
4495,0.38983333333333337
4496,0.2024047619047619
4497,0.7476191724751916
4498,0.4548333333333334
4499,0.3143095238095238
4500,0.6211247141372114
4501,0.23458333333333337
4502,0.28358333333333335
4503,0.4202142857142859
4504,0.21321428571428572
4505,0.6957947427572425
4506,0.33641666666666675
4507,0.19098809523809523
4508,0.3070833333333333
4509,0.24747619047619046
4510,0.22723809523809524
4511,0.38910119047619046
4512,0.8193568486062499
4513,0.34358333333333335
4514,0.5075476190476188
4515,0.09129014939309057
4516,0.30589285714285713
4517,0.32483333333333336
4518,0.5553333333333333
4519,0.6236093073593074
4520,0.5726443335020756
4521,0.5457976190476189
4522,0.070625
4523,0.06241666666666666
4524,0.6691831616659201
4525,0.3881904761904761
4526,0.3247738095238095
4527,0.17775
4528,0.4116726190476191
4529,0.5515833333333334
4530,0.5495787432596643
4531,0.5706818475452196
4532,0.5690833333333333
4533,0.5543543956043958
4534,0.6738452380952382
4535,0.16050000000000003
4536,0.4909323972810815
4537,0.38433333333333336
4538,0.2509642857142857
4539,0.6694054834054836
4540,0.38226190476190475
4541,0.22041666666666665
4542,0.5567500000000001
4543,0.4340833333333333
4544,0.27475000000000005
4545,0.5033943001443002
4546,0.4856666666666667
4547,0.18845238095238095
4548,0.27167857142857144
4549,0.3475
4550,0.4104166666666666
4551,0.6372441880470769
4552,0.30894444444444447
4553,0.335404761904762
4554,0.6418511904761904
4555,0.18279166666666666
4556,0.49039813782499536
4557,0.38907142857142857
4558,0.5426250000000001
4559,0.22530158730158728
4560,0.33611904761904754
4561,0.10670238095238097
4562,0.42444047619047615
4563,0.6824512892078682
4564,0.1885833333333333
4565,0.591113638189296
4566,0.25800000000000006
4567,0.5927918081918082
4568,0.43489285714285714
4569,0.38669444444444445
4570,0.38026190476190463
4571,0.3811746031746032
4572,0.2974523809523809
4573,0.23025
4574,0.6220833333333331
4575,0.6291743778906913
4576,0.28048214285714285
4577,0.46018910256410256
4578,0.36285714285714277
4579,0.14075
4580,0.19375
4581,0.4813149585921325
4582,0.177
4583,0.5704596253229974
4584,0.34700793650793654
4585,0.44183928571428566
4586,0.39050000000000007
4587,0.38538690476190474
4588,0.4182083333333332
4589,0.08299999999999999
4590,0.4780416666666666
4591,0.41378571428571426
4592,0.3505357142857143
4593,0.50184418767507
4594,0.32891666666666663
4595,0.41628571428571426
4596,0.4657380952380952
4597,0.48726068347172036
4598,0.393
4599,0.2877619047619047
4600,0.4716190476190475
4601,0.369515873015873
4602,0.27013095238095236
4603,0.17104761904761903
4604,0.682579365079365
4605,0.23808333333333334
4606,0.1409126984126984
4607,0.1919047619047619
4608,0.33300000000000013
4609,0.6571666666666668
4610,0.5677380952380954
4611,0.5008555764411028
4612,0.531357142857143
4613,0.42037662337662346
4614,0.4642857142857141
4615,0.5476666666666667
4616,0.02263888888888889
4617,0.3895833333333332
4618,0.17741666666666664
4619,0.5744285714285714
4620,0.5366484076395067
4621,0.31655555555555553
4622,0.9200486776105791
4623,0.513404761904762
4624,0.4048452380952381
4625,0.4195575396825397
4626,0.47829365079365077
4627,0.46783143939393945
4628,0.2188789682539683
4629,0.5850357142857142
4630,0.27558333333333335
4631,0.29516666666666663
4632,0.22066666666666662
4633,0.23933333333333334
4634,0.20908333333333332
4635,0.42670833333333336
4636,0.4366157135158503
4637,0.38602777777777786
4638,0.29166666666666674
4639,0.32242261904761904
4640,0.25877380952380963
4641,0.28001190476190474
4642,0.20432142857142854
4643,0.24175000000000002
4644,0.47324999999999995
4645,0.5996341575091575
4646,0.18567857142857144
4647,0.4851071428571428
4648,0.3948891870403498
4649,0.5406666666666667
4650,0.1379166666666667
4651,0.07691666666666667
4652,0.24066666666666667
4653,0.3931666666666666
4654,0.2801666666666666
4655,0.41444047619047614
4656,0.2389166666666667
4657,0.40600595238095244
4658,0.3877142857142857
4659,0.5239267485140124
4660,0.26023809523809527
4661,0.4995277777777779
4662,0.16333333333333336
4663,0.38117261904761895
4664,0.12867857142857145
4665,0.7070281954887218
4666,0.14583333333333331
4667,0.2387142857142857
4668,0.249
4669,0.4495416666666665
4670,0.175
4671,0.309875
4672,0.1865436507936508
4673,0.32716666666666655
4674,0.19691666666666666
4675,0.6541268873372588
4676,0.395345238095238
4677,0.2916151888341543
4678,0.4404999999999999
4679,0.6048892757569228
4680,0.4305
4681,0.2728333333333333
4682,0.04875
4683,0.15229166666666666
4684,0.5164747441910573
4685,0.057249999999999995
4686,0.29930952380952386
4687,0.3668333333333333
4688,0.3747738095238096
4689,0.21391666666666664
4690,0.09983333333333334
4691,0.2581289682539682
4692,0.3349166666666667
4693,0.2011666666666666
4694,0.2396666666666667
4695,0.3149166666666666
4696,0.31929166666666664
4697,0.5004404761904762
4698,0.21446415371855873
4699,0.20316666666666666
4700,0.16714285714285715
4701,0.282297619047619
4702,0.19333333333333333
4703,0.20958333333333332
4704,0.6779536871174802
4705,0.2935021099800512
4706,0.1931071428571429
4707,0.7397137021475259
4708,0.19216666666666668
4709,0.3866488095238095
4710,0.4925
4711,0.1556547619047619
4712,0.6925273892773895
4713,0.5605707364341086
4714,0.6743768597117308
4715,0.44541666666666657
4716,0.48808333333333337
4717,0.21813888888888885
4718,0.47349540517961586
4719,0.5437292429792432
4720,0.4700451441260266
4721,0.2580476190476191
4722,0.4010833333333334
4723,0.44640476190476197
4724,0.3340357142857143
4725,0.4950119047619047
4726,0.13503486453486457
4727,0.4121190476190476
4728,0.19433333333333333
4729,0.41266666666666657
4730,0.44655753968253964
4731,0.532782967032967
4732,0.5589986378563967
4733,0.20203571428571426
4734,0.44723809523809527
4735,0.1734166666666667
4736,0.2463012820512821
4737,0.5589166666666666
4738,0.3629166666666667
4739,0.3228575737987503
4740,0.1383095238095238
4741,0.4426944444444444
4742,0.18924999999999997
4743,0.5504583333333334
4744,0.3400595238095238
4745,0.4997236764075
4746,0.4837976190476191
4747,0.20620238095238097
4748,0.6624601930450643
4749,0.18836904761904766
4750,0.34081547619047625
4751,0.15875
4752,0.5872619047619048
4753,0.3895119047619048
4754,0.30541991341991337
4755,0.48436118209955414
4756,0.27892857142857147
4757,0.20041666666666663
4758,0.7312258962252978
4759,0.3523333333333334
4760,0.5054345238095238
4761,0.6401934929105982
4762,0.507983134920635
4763,0.2708333333333333
4764,0.29533333333333334
4765,0.24066666666666672
4766,0.5045169234360412
4767,0.6014177782811503
4768,0.4996190476190476
4769,0.12458333333333334
4770,0.4494345238095238
4771,0.8390270856404578
4772,0.2115119047619048
4773,0.318797619047619
4774,0.2238293650793651
4775,0.5948449056541163
4776,0.15991666666666668
4777,0.6007060747799732
4778,0.3553544908544909
4779,0.24741666666666667
4780,0.3954583333333334
4781,0.5384047619047618
4782,0.40066666666666656
4783,0.49371428571428566
4784,0.34726190476190477
4785,0.27620833333333333
4786,0.45977777777777773
4787,0.2582380952380952
4788,0.21508333333333338
4789,0.5818959520012152
4790,0.3994306763285023
4791,0.32800000000000007
4792,0.6986481173864896
4793,0.45688043478260876
4794,0.5823837103442367
4795,0.21003571428571427
4796,0.4649999999999999
4797,0.3358105158730158
4798,0.2958809523809524
4799,0.16091666666666668
4800,0.3756319921908158
4801,0.44697773892773895
4802,0.3714166666666667
4803,0.11675
4804,0.22458333333333336
4805,0.25420833333333337
4806,0.3193809523809523
4807,0.5916611043994765
4808,0.17866666666666667
4809,0.491797619047619
4810,0.7531369047619044
4811,0.2831845238095238
4812,0.30816666666666664
4813,0.37408333333333343
4814,0.41874999999999984
4815,0.6793492063492063
4816,0.23283333333333334
4817,0.4583849742599743
4818,0.6007550524188455
4819,0.6189583333333333
4820,0.2093809523809524
4821,0.4809642857142857
4822,0.24441666666666662
4823,0.1212777777777778
4824,0.6193809523809526
4825,0.16675
4826,0.449702380952381
4827,0.30803571428571425
4828,0.11925
4829,0.502154761904762
4830,0.22399999999999998
4831,0.31024999999999997
4832,0.3578769841269842
4833,0.5119166666666667
4834,0.5562083333333333
4835,0.4203660130718953
4836,0.49090079365079353
4837,0.29748214285714286
4838,0.7797351334253508
4839,0.34201190476190485
4840,0.5389882151058621
4841,0.6359166666666667
4842,0.43475
4843,0.4616666666666667
4844,0.7300253958398909
4845,0.37585338345864655
4846,0.5565833333333333
4847,0.6801696428571428
4848,0.4578400738728156
4849,0.28666666666666674
4850,0.6093510409200065
4851,0.2704166666666667
4852,0.5416428571428572
4853,0.6582083333333334
4854,0.6000460807467385
4855,0.2100357142857143
4856,0.36566666666666664
4857,0.3235714285714286
4858,0.569202380952381
4859,0.16708333333333333
4860,0.5840139194139193
4861,0.4710357142857142
4862,0.537969070961718
4863,0.118
4864,0.683132999164578
4865,0.2314047619047619
4866,0.3847261904761905
4867,0.5434166666666669
4868,0.1266666666666667
4869,0.33275000000000005
4870,0.2628055555555556
4871,0.4580833333333333
4872,0.23030952380952377
4873,0.20209523809523808
4874,0.5800952380952381
4875,0.5281666666666667
4876,0.6849761904761905
4877,0.7624703809072827
4878,0.511047619047619
4879,0.42424999999999996
4880,0.12883333333333333
4881,0.5720833333333333
4882,0.5705462184873951
4883,0.4944107142857142
4884,0.38954021450247867
4885,0.35975
4886,0.18677777777777782
4887,0.13758333333333334
4888,0.23765476190476187
4889,0.094
4890,0.20760449735449732
4891,0.3805773809523809
4892,0.5861309523809524
4893,0.6192976190476192
4894,0.3284285714285715
4895,0.34375
4896,0.44592745881332846
4897,0.5827698412698412
4898,0.40175000000000005
4899,0.1731190476190476
4900,0.5046904761904761
4901,0.5140000000000001
4902,0.5626953781512605
4903,0.29335714285714287
4904,0.4995714285714287
4905,0.4793333333333335
4906,0.6634190124834721
4907,0.5066666666666667
4908,0.24141666666666667
4909,0.4925595238095238
4910,0.27721428571428575
4911,0.5202857142857142
4912,0.6460561422052674
4913,0.5208690476190476
4914,0.6353333333333332
4915,0.3771547619047619
4916,0.27149603174603176
4917,0.41125
4918,0.1670714285714286
4919,0.6110019841269843
4920,0.5091831771170007
4921,0.5027247899159663
4922,0.4372499999999999
4923,0.1165
4924,0.1631845238095238
4925,0.19975
4926,0.4674935064935065
4927,0.2925833333333333
4928,0.131
4929,0.06958333333333334
4930,0.4669404761904762
4931,0.3019107142857143
4932,0.22766666666666668
4933,0.4496428571428572
4934,0.7932916666666664
4935,0.30920535714285713
4936,0.08625
4937,0.2220833333333333
4938,0.2557738095238095
4939,0.29791666666666666
4940,0.42147619047619045
4941,0.4403333333333333
4942,0.24150000000000002
4943,0.2890833333333333
4944,0.3540833333333333
4945,0.3736756206756207
4946,0.5199166666666667
4947,0.17258333333333328
4948,0.5595833333333333
4949,0.1617857142857143
4950,0.5625780867683039
4951,0.4915357142857142
4952,0.27745238095238095
4953,0.29233333333333333
4954,0.4207857142857144
4955,0.6656785714285715
4956,0.6107447542467279
4957,0.31920238095238096
4958,0.6675808640433639
4959,0.390167801042801
4960,0.12575
4961,0.22583333333333333
4962,0.5867797619047619
4963,0.19024619174619176
4964,0.32194047619047617
4965,0.3372799357799358
4966,0.6390208333333333
4967,0.637144805194805
4968,0.1906547619047619
4969,0.4343571428571428
4970,0.17026190476190475
4971,0.60325
4972,0.3000833333333333
4973,0.40966666666666685
4974,0.2624528985507247
4975,0.23408333333333334
4976,0.4736547619047618
4977,0.1325
4978,0.35300000000000004
4979,0.7287291666666669
4980,0.2750396825396825
4981,0.40196212121212116
4982,0.37488461538461537
4983,0.6930496696740711
4984,0.6226253913331332
4985,0.5255476190476192
4986,0.2975833333333333
4987,0.6712279493192628
4988,0.15991666666666662
4989,0.40176190476190476
4990,0.2956130952380952
4991,0.3097797619047619
4992,0.501107142857143
4993,0.2918888888888889
4994,0.37726459731179285
4995,0.44958333333333317
4996,0.25525
4997,0.653376944769337
4998,0.45575000000000004
4999,0.2522782446311858
5000,0.33975
5001,0.5245000000000001
5002,0.2383690476190476
5003,0.23544047619047626
5004,0.37483333333333335
5005,0.22025000000000003
5006,0.4074999999999999
5007,0.5543614718614719
5008,0.24633333333333327
5009,0.5999523809523809
5010,0.3490592105263158
5011,0.6012365288220551
5012,0.3048333333333333
5013,0.7842659069924502
5014,0.22624603174603178
5015,0.15083333333333335
5016,0.7413780957414678
5017,0.3741666666666667
5018,0.3317142857142857
5019,0.3432083333333333
5020,0.376840982546865
5021,0.17891666666666667
5022,0.9060534121130758
5023,0.4462083333333334
5024,0.3710684523809523
5025,0.21942857142857147
5026,0.5897867204725391
5027,0.10308333333333332
5028,0.21680555555555558
5029,0.462809523809524
5030,0.48439361577964535
5031,0.27591666666666664
5032,0.6351261000252254
5033,0.44508333333333333
5034,0.471270050183055
5035,0.33116666666666666
5036,0.4801666666666665
5037,0.4203511904761906
5038,0.2315
5039,0.25175000000000003
5040,0.31346428571428575
5041,0.4251785714285714
5042,0.23658333333333334
5043,0.3428809523809524
5044,0.4867568489319208
5045,0.3620476190476191
5046,0.10032142857142856
5047,0.22935119047619046
5048,0.5293809523809523
5049,0.6644166666666669
5050,0.40361904761904754
5051,0.3378055555555555
5052,0.48883333333333334
5053,0.6370238095238094
5054,0.6582939958592133
5055,0.6915367976344142
5056,0.42484523809523805
5057,0.4508809523809525
5058,0.3576666666666666
5059,0.3606666666666667
5060,0.37277229225023356
5061,0.17425000000000002
5062,0.16450000000000004
5063,0.8821302602436323
5064,0.2625
5065,0.3761666666666666
5066,0.2361726190476191
5067,0.1125
5068,0.2292142857142857
5069,0.13058333333333333
5070,0.2883452380952381
5071,0.6315618530020705
5072,0.5729740259740259
5073,0.3937554112554112
5074,0.21816666666666668
5075,0.29616666666666663
5076,0.6049291788097468
5077,0.5272698412698413
5078,0.3190892857142857
5079,0.5809583333333332
5080,0.14275000000000002
5081,0.4682083333333333
5082,0.5297261904761905
5083,0.26466666666666666
5084,0.2505133053221288
5085,0.467
5086,0.12375
5087,0.39179761904761906
5088,0.4250833333333334
5089,0.23845238095238097
5090,0.38686255411255416
5091,0.42657142857142843
5092,0.32341666666666663
5093,0.22750000000000006
5094,0.57475
5095,0.4544404761904761
5096,0.07425000000000001
5097,0.559534632034632
5098,0.3490833333333334
5099,0.17110714285714287
5100,0.3127619047619048
5101,0.3287083333333334
5102,0.23361904761904762
5103,0.32941666666666664
5104,0.20274999999999996
5105,0.14426190476190476
5106,0.7837785038916752
5107,0.5239583333333333
5108,0.40341666666666653
5109,0.7010319648235469
5110,0.7311984126984128
5111,0.6824761904761906
5112,0.20441666666666658
5113,0.45366666666666666
5114,0.2575833333333333
5115,0.3888174603174603
5116,0.1986666666666667
5117,0.2779999999999999
5118,0.1838333333333333
5119,0.45170833333333327
5120,0.5104652777777777
5121,0.4935952380952381
5122,0.3458333333333334
5123,0.38612498789243643
5124,0.6496675875897231
5125,0.14191666666666664
5126,0.11966666666666667
5127,0.4648333333333333
5128,0.7239553876678875
5129,0.27891666666666665
5130,0.27975
5131,0.2831904761904761
5132,0.11479761904761902
5133,0.44489285714285715
5134,0.3690833333333334
5135,0.258297619047619
5136,0.23875000000000005
5137,0.3256428571428572
5138,0.39666666666666667
5139,0.39169696969696965
5140,0.4825833333333332
5141,0.4459166666666667
5142,0.33649999999999997
5143,0.299404761904762
5144,0.4999177457532721
5145,0.3213333333333333
5146,0.18830952380952376
5147,0.5630833333333333
5148,0.8729121808143548
5149,0.5684375624375624
5150,0.2686190476190476
5151,0.614
5152,0.6735277777777777
5153,0.36994047619047604
5154,0.48592588712643164
5155,0.21925000000000006
5156,0.3024166666666666
5157,0.38641795366795373
5158,0.1235
5159,0.37014007368383806
5160,0.5635405844155842
5161,0.2008055555555556
5162,0.5041488095238095
5163,0.4459880952380951
5164,0.1298333333333333
5165,0.23380189067689067
5166,0.40924999999999995
5167,0.23108333333333334
5168,0.155
5169,0.5998097790722763
5170,0.421952380952381
5171,0.27344642857142865
5172,0.20033333333333336
5173,0.6366785714285714
5174,0.3741190476190476
5175,0.5810469269102992
5176,0.33791666666666664
5177,0.3214880952380952
5178,0.38774999999999993
5179,0.6244166666666666
5180,0.12725
5181,0.7169332905466627
5182,0.3058809523809524
5183,0.12775
5184,0.44516666666666665
5185,0.14916666666666661
5186,0.5919166666666666
5187,0.16951190476190475
5188,0.33529761904761907
5189,0.44577651515151506
5190,0.1918333333333333
5191,0.2822142857142857
5192,0.1765
5193,0.2409940476190476
5194,0.4686726190476191
5195,0.29391666666666666
5196,0.4317857142857144
5197,0.5563690476190477
5198,0.5826666666666668
5199,0.3352738095238095
5200,0.560235836684735
5201,0.1937142857142857
5202,0.09583333333333334
5203,0.5556666666666668
5204,0.27611111111111114
5205,0.33908333333333324
5206,0.29283333333333333
5207,0.4105119047619048
5208,0.6018921650055371
5209,0.5336190476190477
5210,0.19616666666666663
5211,0.4737916666666666
5212,0.39891666666666675
5213,0.39422619047619056
5214,0.48278379953379946
5215,0.44699183321977437
5216,0.3320238095238095
5217,0.4989166666666668
5218,0.2733333333333334
5219,0.2624937769674611
5220,0.6929514788314873
5221,0.5268214285714286
5222,0.4548333333333334
5223,0.4357857142857143
5224,0.5031666666666667
5225,0.2708953617761667
5226,0.5020882352941176
5227,0.15329761904761907
5228,0.36125000000000007
5229,0.4778928571428571
5230,0.4208571428571429
5231,0.36829112554112553
5232,0.5790119047619045
5233,0.4321255328218245
5234,0.23033333333333336
5235,0.5037857142857143
5236,0.36053174603174587
5237,0.28775
5238,0.4633977591036414
5239,0.22248809523809523
5240,0.2043333333333333
5241,0.5905222167299585
5242,0.3014880952380952
5243,0.16017032967032968
5244,0.09075000000000001
5245,0.2050238095238095
5246,0.6211547619047618
5247,0.21333333333333332
5248,0.6573906477319611
5249,0.27074999999999994
5250,0.37021153846153854
5251,0.7092261904761904
5252,0.06683333333333334
5253,0.217
5254,0.4562510790866052
5255,0.2496488095238095
5256,0.25699999999999995
5257,0.5973948412698412
5258,0.38153106806986126
5259,0.3233333333333333
5260,0.4186666666666665
5261,0.42757142857142844
5262,0.18533333333333332
5263,0.1642976190476191
5264,0.6121746696740713
5265,0.3043571428571428
5266,0.2637500000000001
5267,0.1519166666666667
5268,0.4401666666666666
5269,0.2973055555555556
5270,0.37923214285714296
5271,0.4602271303258144
5272,0.7535782372598162
5273,0.45902513227513225
5274,0.07728571428571429
5275,0.4538690476190476
5276,0.39801190476190484
5277,0.057999999999999996
5278,0.19771428571428576
5279,0.5024215686274511
5280,0.5192198218448218
5281,0.49085714285714277
5282,0.3087857142857143
5283,0.17483333333333334
5284,0.25346428571428575
5285,0.22505952380952388
5286,0.5016726190476191
5287,0.45172619047619067
5288,0.2920238095238095
5289,0.5237559523809524
5290,0.16549999999999998
5291,0.26641666666666663
5292,0.3642142857142858
5293,0.5861547619047619
5294,0.7392916666666666
5295,0.19651785714285716
5296,0.3058333333333334
5297,0.4710882352941178
5298,0.1175
5299,0.6331607142857143
5300,0.2425833333333333
5301,0.4248333333333333
5302,0.11545833333333333
5303,0.7076666666666667
5304,0.4415550023224509
5305,0.2538333333333333
5306,0.41166666666666674
5307,0.40891666666666665
5308,0.35325
5309,0.28725
5310,0.09885714285714284
5311,0.4725416666666667
5312,0.14776190476190476
5313,0.12491666666666668
5314,0.7820773809523809
5315,0.14241666666666666
5316,0.40595238095238095
5317,0.5556666666666666
5318,0.3776785714285713
5319,0.3440952380952382
5320,0.33784523809523814
5321,0.5700387331966279
5322,0.1143333333333333
5323,0.5413614873498593
5324,0.578404761904762
5325,0.36762500000000004
5326,0.4624166666666668
5327,0.3957857142857143
5328,0.12824999999999998
5329,0.3719726358585055
5330,0.40394047619047635
5331,0.21330555555555555
5332,0.4300833333333333
5333,0.3938154761904763
5334,0.5169464285714284
5335,0.20191666666666666
5336,0.4939166666666667
5337,0.3941904761904762
5338,0.21979761904761907
5339,0.408920634920635
5340,0.08649999999999998
5341,0.1576666666666667
5342,0.5522499999999999
5343,0.50075
5344,0.511972498276291
5345,0.19158333333333327
5346,0.5191190476190477
5347,0.6012742246058036
5348,0.034333333333333334
5349,0.35316666666666663
5350,0.17225
5351,0.30086904761904754
5352,0.35588690476190477
5353,0.46397619047619043
5354,0.7900357142857145
5355,0.652923213063759
5356,0.559743410774754
5357,0.5504532220040941
5358,0.4412738095238095
5359,0.35014285714285714
5360,0.5851130952380952
5361,0.3171666666666666
5362,0.27941666666666665
5363,0.5835193236714976
5364,0.49702380952380937
5365,0.4924523809523809
5366,0.470422619047619
5367,0.7736137930506947
5368,0.38417857142857137
5369,0.2208333333333333
5370,0.22274999999999995
5371,0.42586904761904754
5372,0.4676666666666667
5373,0.4689166666666666
5374,0.33053571428571416
5375,0.13391666666666668
5376,0.5949880952380951
5377,0.5301011904761903
5378,0.331
5379,0.18575000000000005
5380,0.7747850221483944
5381,0.44240476190476197
5382,0.3477023809523809
5383,0.10158333333333332
5384,0.4630119047619048
5385,0.15508333333333332
5386,0.2007857142857143
5387,0.47144047619047613
5388,0.3890476190476189
5389,0.4619404761904762
5390,0.3965714285714286
5391,0.15158333333333332
5392,0.3877398822573308
5393,0.14607142857142857
5394,0.3483333333333333
5395,0.5687083333333333
5396,0.4043333333333333
5397,0.10057142857142858
5398,0.3845514069264071
5399,0.15487499999999998
5400,0.3601287878787879
5401,0.506906746031746
5402,0.3342083333333333
5403,0.06949999999999999
5404,0.30866666666666664
5405,0.27075000000000005
5406,0.35440476190476183
5407,0.13717857142857146
5408,0.10991666666666665
5409,0.37790476190476185
5410,0.5078406593406594
5411,0.38966573295985063
5412,0.45597911248569134
5413,0.26244047619047617
5414,0.41125
5415,0.25525
5416,0.41161904761904755
5417,0.49296456429993585
5418,0.4348333333333334
5419,0.20775000000000005
5420,0.5415929795418779
5421,0.23684920634920634
5422,0.26308333333333334
5423,0.43099999999999994
5424,0.7375112126245849
5425,0.34388095238095234
5426,0.1372142857142857
5427,0.5935357142857143
5428,0.32413095238095235
5429,0.36024999999999996
5430,0.1528809523809524
5431,0.26050000000000006
5432,0.2671626984126984
5433,0.33564255189255193
5434,0.23336904761904761
5435,0.14498809523809522
5436,0.3120205627705628
5437,0.7266428571428571
5438,0.5461148145713934
5439,0.5292738095238095
5440,0.48469918653471294
5441,0.2213333333333333
5442,0.6004163533834584
5443,0.21441666666666667
5444,0.21124999999999997
5445,0.15008333333333332
5446,0.238952380952381
5447,0.3046666666666667
5448,0.44614880952380964
5449,0.3456666666666666
5450,0.5148733766233768
5451,0.21849999999999997
5452,0.3849166666666665
5453,0.4015416666666665
5454,0.3845
5455,0.10387499999999998
5456,0.4219063706563706
5457,0.11620238095238095
5458,0.23945060157560163
5459,0.2865450314178576
5460,0.5552285196687369
5461,0.3225119047619049
5462,0.5764761904761906
5463,0.6360599358974358
5464,0.2633333333333333
5465,0.6148333333333332
5466,0.06175
5467,0.12141666666666667
5468,0.30796428571428575
5469,0.5403452380952382
5470,0.3782976190476191
5471,0.342
5472,0.24887499999999999
5473,0.38465476190476194
5474,0.16382142857142856
5475,0.32941666666666664
5476,0.2668452380952381
5477,0.2158293650793651
5478,0.5090952380952382
5479,0.28566666666666657
5480,0.29614285714285715
5481,0.3973809523809525
5482,0.3823214285714285
5483,0.2763333333333333
5484,0.21593452380952377
5485,0.5087083333333333
5486,0.2519404761904762
5487,0.13166666666666665
5488,0.35591666666666666
5489,0.3779047619047619
5490,0.31203571428571436
5491,0.3750833333333333
5492,0.3610952380952381
5493,0.19975
5494,0.2875416666666667
5495,0.33136309523809515
5496,0.5787407167995404
5497,0.5131071428571429
5498,0.19321428571428573
5499,0.4757500000000001
5500,0.34808333333333324
5501,0.4466275169488086
5502,0.23445238095238097
5503,0.07883333333333332
5504,0.3628333333333334
5505,0.35844047619047614
5506,0.20010431235431236
5507,0.4824166666666669
5508,0.5525
5509,0.20674999999999996
5510,0.1280595238095238
5511,0.41739285714285707
5512,0.34941666666666665
5513,0.4724669039920408
5514,0.33691666666666675
5515,0.2886666666666667
5516,0.17933333333333334
5517,0.44781442577030817
5518,0.4724805148555146
5519,0.6384960317460319
5520,0.5346646825396826
5521,0.10408333333333335
5522,0.7391666666666667
5523,0.45516865079365076
5524,0.2829404761904762
5525,0.6113426704014939
5526,0.3723035714285714
5527,0.14938095238095242
5528,0.22585796583590706
5529,0.23638690476190477
5530,0.21865476190476188
5531,0.34079761904761907
5532,0.25236904761904755
5533,0.4191309523809523
5534,0.13874999999999998
5535,0.08816666666666668
5536,0.45208333333333317
5537,0.09783333333333333
5538,0.4080006613756613
5539,0.7533047385423102
5540,0.48375
5541,0.4738330221399059
5542,0.5239404761904762
5543,0.47833333333333344
5544,0.43627380952380945
5545,0.2542121262746263
5546,0.07225
5547,0.19966666666666666
5548,0.21025793650793648
5549,0.09641666666666668
5550,0.3015
5551,0.3136904761904762
5552,0.1951904761904762
5553,0.6208215879727507
5554,0.43816666666666654
5555,0.23941666666666664
5556,0.22226190476190477
5557,0.6718553882580551
5558,0.23024999999999998
5559,0.3338333333333333
5560,0.14058333333333334
5561,0.5294285714285714
5562,0.5020210801083443
5563,0.19371794871794873
5564,0.5102083333333334
5565,0.4264583333333334
5566,0.38500000000000006
5567,0.2563690476190476
5568,0.4590357142857144
5569,0.20783333333333331
5570,0.6292433554817276
5571,0.5116666666666666
5572,0.2239404761904762
5573,0.6292500000000001
5574,0.2911904761904763
5575,0.20541666666666672
5576,0.2172142857142857
5577,0.07053571428571428
5578,0.36649999999999994
5579,0.527654761904762
5580,0.507457251082251
5581,0.09299999999999999
5582,0.7085238095238094
5583,0.26200000000000007
5584,0.33258333333333323
5585,0.49623611111111104
5586,0.3723690476190476
5587,0.6733486985814402
5588,0.356047619047619
5589,0.6368125
5590,0.4025992063492063
5591,0.3142083333333333
5592,0.48878571428571427
5593,0.26911904761904754
5594,0.4451309523809524
5595,0.5499424603174604
5596,0.4803333333333332
5597,0.7323672930199598
5598,0.3016190476190477
5599,0.313702380952381
5600,0.33210119047619047
5601,0.43519350649350647
5602,0.18083333333333335
5603,0.8843445459579178
5604,0.5738253968253969
5605,0.5273776455026454
5606,0.552995894909688
5607,0.1970357142857143
5608,0.36975
5609,0.5868095238095239
5610,0.2651590862840863
5611,0.3143095238095238
5612,0.16041666666666668
5613,0.22069444444444447
5614,0.5315341383762436
5615,0.15999999999999998
5616,0.513797619047619
5617,0.3060833333333333
5618,0.3028333333333333
5619,0.3550833333333333
5620,0.6315049019607843
5621,0.28291666666666665
5622,0.446845238095238
5623,0.4525119047619047
5624,0.24875000000000003
5625,0.48541666666666666
5626,0.33625000000000005
5627,0.25866666666666666
5628,0.6215710123210122
5629,0.250047619047619
5630,0.33675
5631,0.2651785714285715
5632,0.6794702380952379
5633,0.19835714285714284
5634,0.3555357142857143
5635,0.19328571428571423
5636,0.5376506845139452
5637,0.21825000000000003
5638,0.5038095238095238
5639,0.27325000000000005
5640,0.6778333333333333
5641,0.27716859366124075
5642,0.26349999999999996
5643,0.35708333333333336
5644,0.5576506236521538
5645,0.35158333333333336
5646,0.4755952380952382
5647,0.5227499999999999
5648,0.42786904761904765
5649,0.4187380952380952
5650,0.10741666666666667
5651,0.23109523809523808
5652,0.5646309523809524
5653,0.6987305770055771
5654,0.4690555555555555
5655,0.4614050587595299
5656,0.5518567219817219
5657,0.24572619047619046
5658,0.1694166666666667
5659,0.9483169770356124
5660,0.4475476190476191
5661,0.2913333333333333
5662,0.24496825396825397
5663,0.40057142857142863
5664,0.5329940476190478
5665,0.3852142857142857
5666,0.5219097763347763
5667,0.46290629509379505
5668,0.43020238095238106
5669,0.30938095238095237
5670,0.1909404761904762
5671,0.5385470779220779
5672,0.09464133986928104
5673,0.05374999999999999
5674,0.47225
5675,0.3231428571428572
5676,0.29954545454545456
5677,0.2069166666666667
5678,0.5455595238095239
5679,0.5160833333333334
5680,0.3112916666666667
5681,0.1338690476190476
5682,0.14541666666666664
5683,0.19366666666666663
5684,0.4707738095238095
5685,0.37038095238095237
5686,0.37871428571428567
5687,0.6953928571428571
5688,0.5593988095238095
5689,0.5077142857142857
5690,0.6438377192982456
5691,0.3280833333333333
5692,0.7834754983388705
5693,0.4158333333333333
5694,0.3518055555555556
5695,0.5255119047619047
5696,0.7051474867724867
5697,0.25933333333333336
5698,0.633452380952381
5699,0.22611904761904758
5700,0.4847857142857142
5701,0.3125
5702,0.3586666666666667
5703,0.42358333333333337
5704,0.09491666666666668
5705,0.2624166666666667
5706,0.5075698115263549
5707,0.28029568854568854
5708,0.4985804112554113
5709,0.5169087301587301
5710,0.6306428571428573
5711,0.45309523809523794
5712,0.13700000000000004
5713,0.24363095238095236
5714,0.48949248120300753
5715,0.4106071428571429
5716,0.24196428571428577
5717,0.07125
5718,0.22424999999999998
5719,0.646288268901641
5720,0.08441666666666667
5721,0.33829166666666666
5722,0.12291666666666667
5723,0.1409166666666667
5724,0.31864880952380953
5725,0.1553154761904762
5726,0.22958333333333336
5727,0.22679166666666667
5728,0.3761666666666665
5729,0.3384404761904761
5730,0.33016666666666666
5731,0.3355
5732,0.5454278792912515
5733,0.5030833333333334
5734,0.6786537180703001
5735,0.2689285714285714
5736,0.4148928571428571
5737,0.6505826411960135
5738,0.1733333333333333
5739,0.40099999999999997
5740,0.1409166666666667
5741,0.18246428571428575
5742,0.6315087226072518
5743,0.38299999999999995
5744,0.2195119047619047
5745,0.44825000000000004
5746,0.18441666666666662
5747,0.24508333333333332
5748,0.5409722222222222
5749,0.17925000000000005
5750,0.3706547619047619
5751,0.7121577380952381
5752,0.5023789682539682
5753,0.2127916666666667
5754,0.47701190476190475
5755,0.08766666666666667
5756,0.22824999999999998
5757,0.4652083333333333
5758,0.19991666666666671
5759,0.42864130785357185
5760,0.16730952380952377
5761,0.2565
5762,0.5987500000000001
5763,0.22708333333333336
5764,0.3661190476190476
5765,0.3095
5766,0.15108333333333338
5767,0.3699166666666665
5768,0.3869166666666666
5769,0.6088333333333334
5770,0.7279107142857143
5771,0.4562946428571428
5772,0.29472619047619053
5773,0.09080555555555554
5774,0.36208018183018176
5775,0.5844746521753099
5776,0.3942619047619047
5777,0.5948377216949042
5778,0.5242142857142857
5779,0.45435714285714274
5780,0.15585170807453416
5781,0.4630476190476191
5782,0.524363556535911
5783,0.3289166666666666
5784,0.1949761904761905
5785,0.27508333333333335
5786,0.25619914159914164
5787,0.5470593069295488
5788,0.4584455235310497
5789,0.11958333333333333
5790,0.20425000000000001
5791,0.15783333333333338
5792,0.6013511904761906
5793,0.38691666666666663
5794,0.33792857142857147
5795,0.3549285714285715
5796,0.18094047619047618
5797,0.3195408724930464
5798,0.4546904761904763
5799,0.8484150587784307
5800,0.11516666666666665
5801,0.34874999999999995
5802,0.4357030013015308
5803,0.15145833333333336
5804,0.6766498556998555
5805,0.563842994442584
5806,0.21950000000000003
5807,0.42783874458874466
5808,0.15633333333333332
5809,0.41896428571428573
5810,0.41658333333333336
5811,0.09575000000000002
5812,0.3900833333333334
5813,0.35086904761904764
5814,0.547607142857143
5815,0.40440566378066384
5816,0.3104523809523809
5817,0.5204653214475584
5818,0.5286666666666666
5819,0.5221275881460307
5820,0.5871957506095437
5821,0.42641666666666667
5822,0.9361503103689457
5823,0.2752380952380953
5824,0.3959166666666667
5825,0.14966666666666664
5826,0.27225
5827,0.5483750000000002
5828,0.19441666666666665
5829,0.06583333333333334
5830,0.5538690476190476
5831,0.5891666666666667
5832,0.39083333333333337
5833,0.2638333333333333
5834,0.3785416666666668
5835,0.20054761904761903
5836,0.7119458024025249
5837,0.34691804692891653
5838,0.5872261904761906
5839,0.4622619047619048
5840,0.46111309523809524
5841,0.6726666666666666
5842,0.3700595238095238
5843,0.4229791666666666
5844,0.09771428571428573
5845,0.5664999999999999
5846,0.18399999999999994
5847,0.4110297619047618
5848,0.5000238095238096
5849,0.1792857142857143
5850,0.2475833333333334
5851,0.3792916666666667
5852,0.264
5853,0.4477916666666666
5854,0.28625
5855,0.6749572829131653
5856,0.23300000000000004
5857,0.3856130952380951
5858,0.0981111111111111
5859,0.5993690476190475
5860,0.33675000000000005
5861,0.0625
5862,0.3501309523809525
5863,0.18494047619047616
5864,0.5066666666666666
5865,0.13213888888888886
5866,0.4272738095238096
5867,0.17891666666666667
5868,0.3964642857142857
5869,0.49254166666666677
5870,0.27852380952380945
5871,0.5528113711001642
5872,0.1381666666666667
5873,0.34861904761904755
5874,0.1978333333333333
5875,0.3669107142857142
5876,0.5433392857142859
5877,0.4829540833241126
5878,0.4394404761904762
5879,0.45161111111111113
5880,0.6858797442477605
5881,0.6166728555426215
5882,0.12025000000000001
5883,0.4897916666666668
5884,0.23763095238095244
5885,0.23195238095238094
5886,0.217
5887,0.6715674603174604
5888,0.4959166666666666
5889,0.7616892680572842
5890,0.4430197023194665
5891,0.5361111111111111
5892,0.323080872042985
5893,0.4277261904761904
5894,0.5612916666666667
5895,0.3533214285714285
5896,0.5073750000000001
5897,0.3989166666666666
5898,0.19403571428571437
5899,0.14958333333333332
5900,0.07083333333333333
5901,0.3972380952380953
5902,0.2230238095238095
5903,0.28721428571428576
5904,0.3333888888888889
5905,0.70325
5906,0.428
5907,0.46964285714285725
5908,0.46835039481923796
5909,0.2623095238095238
5910,0.33910714285714283
5911,0.2850833333333333
5912,0.286797619047619
5913,0.34270133053221286
5914,0.3734880952380951
5915,0.20498704481792715
5916,0.5154166666666667
5917,0.4553640409769442
5918,0.7062361647361648
5919,0.5131267076859399
5920,0.21238690476190478
5921,0.18
5922,0.3754047619047619
5923,0.49796855211971497
5924,0.49482142857142863
5925,0.14108333333333337
5926,0.4038333333333333
5927,0.3371724870518921
5928,0.2894166666666667
5929,0.3480595238095238
5930,0.49302380952380953
5931,0.41658333333333325
5932,0.3754936883546152
5933,0.05936904761904762
5934,0.32199999999999995
5935,0.3457380952380952
5936,0.19991666666666666
5937,0.5593928571428571
5938,0.29241666666666655
5939,0.5426011904761904
5940,0.1655833333333333
5941,0.3538690476190476
5942,0.3196785714285714
5943,0.5934756728778467
5944,0.07875
5945,0.33220238095238097
5946,0.33391666666666664
5947,0.13083333333333333
5948,0.650442335902207
5949,0.2279166666666666
5950,0.5448333333333333
5951,0.5110000000000001
5952,0.2151190476190476
5953,0.20519047619047615
5954,0.21121428571428577
5955,0.4770892857142857
5956,0.3858333333333333
5957,0.3309096638655462
5958,0.3804999999999999
5959,0.2499047619047619
5960,0.529625
5961,0.2393333333333333
5962,0.3729375763125764
5963,0.22566666666666674
5964,0.523532509157509
5965,0.19758333333333325
5966,0.6508083156763316
5967,0.5124308958485041
5968,0.6371798775936708
5969,0.472875
5970,0.35601190476190475
5971,0.7467615387059853
5972,0.13049999999999998
5973,0.3253333333333333
5974,0.5345042411292411
5975,0.6777334348468068
5976,0.37571428571428567
5977,0.7322023809523808
5978,0.6022325312097623
5979,0.5461785714285714
5980,0.4851428571428571
5981,0.5471863711001642
