날짜,시가,고가,저가,종가,거래량,거래대금
2015-01-02,243.96,245.32,243.25,244.79,54153879,2146860296567
2015-01-05,243.83,244.56,241.76,244.26,62845108,2622821317695
2015-01-06,241.36,242.06,239.32,239.93,66249937,2992594273218
2015-01-07,239.41,240.91,239.09,240.53,54599968,2610334705312
2015-01-08,242.28,244.13,241.68,243.94,64021136,3155894203006
2015-01-09,245.97,247.11,245.4,246.05,65125468,2936280975193
2015-01-12,245.16,246.27,245.05,245.7,64517194,2335661828492
2015-01-13,244.98,246.64,244.47,246.29,59912830,3273254269891
2015-01-14,246.48,247.46,245.78,245.99,70777826,3370237565166
2015-01-15,245.96,246.63,244.9,245.76,59449702,2821400282219
2015-01-16,244.7,244.7,241.77,242.22,73306353,2976312996030
2015-01-19,244.06,245.82,243.69,244.78,63223607,2502405834400
2015-01-20,245.52,247.39,245.5,247.24,55117429,2500367006282
2015-01-21,247.01,248.59,246.63,248.59,64991528,2993529121729
2015-01-22,249.22,249.98,248.01,248.47,76606527,3351549912661
2015-01-23,251.76,251.8,249.55,250.32,78373654,3484372408133
2015-01-26,248.92,250.21,248.42,250.14,62741687,2850568675437
2015-01-27,250.76,252.2,250.56,252.2,85047883,3436705005231
2015-01-28,250.82,252.5,250.12,252.21,85186518,3796038805041
2015-01-29,250.45,251.84,249.78,250.46,83370835,3959044980249
2015-01-30,251.82,251.84,249.88,249.88,93066184,4409458773272
2015-02-02,249.83,251.2,249.49,250.61,76488024,3157527300937
2015-02-03,251.63,251.66,249.22,250.38,79093848,3360480447233
2015-02-04,251.98,253.07,251.6,251.6,78229154,3737134751982
2015-02-05,251.33,251.42,248.9,249.78,69969310,2900430013397
2015-02-06,249.89,250.16,248.68,250.16,76076254,4765844932235
2015-02-09,249.05,249.94,248.58,249.26,64832394,3097916237955
2015-02-10,249.62,250.42,247.66,247.66,62808141,2959997343700
2015-02-11,248.49,249.01,247.77,248.4,64784736,2995794081765
2015-02-12,248.48,248.5,246.32,247.71,66380496,3004184281552
2015-02-13,248.65,249.76,248.26,249.76,63130742,2611895344334
2015-02-16,250.17,250.55,249.54,249.81,52102868,2223546843472
2015-02-17,249.36,250.67,248.92,250.37,55683001,2356036658257
2015-02-23,252.13,252.51,250.56,250.8,58970802,2958136839887
2015-02-24,251.83,252.11,251.09,251.28,61664090,2852773554835
2015-02-25,252.72,253.22,252.01,252.96,79616142,3391037102918
2015-02-26,253.03,253.13,251.89,252.93,79376042,3518726297162
2015-02-27,252.73,252.83,251.2,251.46,80294087,3844901072288
2015-03-02,253.13,253.74,252.39,253.65,92832492,4204664652629
2015-03-03,254.55,254.97,253.89,254.5,87501070,3960096569533
2015-03-04,254.56,254.72,253.89,254.31,72310858,3398683315539
2015-03-05,254.02,254.86,253.64,254.16,58424708,2666420308045
2015-03-06,254.74,256.15,254.73,255.96,83128515,3492983333854
2015-03-09,254.81,254.94,252.69,252.77,65398824,2858040932870
2015-03-10,253.76,254.16,251.75,251.75,76302693,3304261079788
2015-03-11,250.09,252.66,250.09,252.16,79665718,4204233285969
2015-03-12,251.67,253.23,250.28,250.28,98652771,4686739593495
2015-03-13,252.56,253.31,251.98,252.18,66614932,3255251169759
2015-03-16,252.13,253.2,251.56,252.44,72869701,3488698975102
2015-03-17,253.77,258.19,253.7,258.18,85121839,4053505254772
2015-03-18,258.45,259.19,257.87,258.22,85366887,4154638733755
2015-03-19,260.68,260.68,258.37,258.99,120601717,4415867038200
2015-03-20,258.92,259.32,257.42,258.7,81297758,3906745907549
2015-03-23,259.48,259.88,258.16,258.95,84485852,3549302093627
2015-03-24,258.58,259.34,257.56,259.16,71439763,3353696061488
2015-03-25,259.35,259.84,258.38,258.94,84764664,3635072365127
2015-03-26,256.69,258.08,255.81,255.99,78163874,3748424562301
2015-03-27,256.41,256.73,255.1,255.54,72668968,3470210155534
2015-03-30,256.45,256.57,254.91,256.1,68984635,2916293064855
2015-03-31,257.66,258.43,256.16,257.28,83462334,3533700211685
2015-04-01,256.44,256.75,254.74,254.97,83087175,3571906611435
2015-04-02,256.07,256.37,254.7,254.99,76748078,3857806630219
2015-04-03,255.77,256.92,255.05,256.75,67526315,2672514985115
2015-04-06,257.2,258.43,256.34,256.93,79386800,3100528918616
2015-04-07,258.65,258.68,256.61,256.88,74986301,3240203758328
2015-04-08,257.09,258.81,256.83,258.51,99675787,4330009254509
2015-04-09,258.44,259.21,257.61,258.33,85942676,4071237138771
2015-04-10,259.35,262.2,259.2,261.95,104469595,4304570816039
2015-04-13,262.62,263.75,262.11,263.48,123221397,4943262701647
2015-04-14,263.81,265.6,263.2,265.57,151051155,5632644996914
2015-04-15,265.76,266.41,264.93,265.77,111941827,5312891724055
2015-04-16,267.67,268.45,266.42,268.45,113925064,5326278788516
2015-04-17,268.73,268.81,267.42,268.28,90557141,4295514110542
2015-04-20,266.14,268.59,266.14,268.55,100121531,4948478612334
2015-04-21,269.03,269.13,267.56,268.17,102396952,4901393623689
2015-04-22,268.2,270.65,267.22,268.64,136287742,5580303827572
2015-04-23,270.27,272.78,268.85,272.59,134658263,6223119629804
2015-04-24,273.81,275.11,270.33,271.05,144045532,6416263945656
2015-04-27,272.16,272.29,269.29,270.05,92875855,4566315149390
2015-04-28,270.63,270.93,268.1,268.55,100582787,4473108639358
2015-04-29,269.54,269.76,265.92,268.03,117334622,5028596547392
2015-04-30,267.04,267.57,265.85,266.42,106977761,4511481476470
2015-05-04,267.57,268.56,266.99,267.33,81081807,3368419870975
2015-05-06,265.96,266.18,263.09,264.03,103583671,4097334657515
2015-05-07,263.11,263.49,260.1,262.47,97357301,3858959965181
2015-05-08,262.11,262.72,260.81,260.81,69308472,3467357369591
2015-05-11,263.45,263.88,261.49,261.49,71248477,3453890866731
2015-05-12,262.12,262.35,260.52,261.42,78806725,3281124207407
2015-05-13,261.82,263.65,261.73,263.25,73273723,3434489471270
2015-05-14,263.18,263.88,262.63,263.69,74918229,3433552462748
2015-05-15,265.24,265.51,261.09,261.33,82257756,4253382777430
2015-05-18,261.28,261.97,260.45,261.97,81474969,3841322055176
2015-05-19,261.84,263.97,261.04,262.92,87586164,3826415213221
2015-05-20,263.79,265.54,263.43,265.36,92553867,3808827522905
2015-05-21,265.2,265.38,262.41,262.66,84424667,3714064044802
2015-05-22,263.66,266.03,263.28,266.03,99743651,4084252134757
2015-05-26,265.96,266.16,263.82,265.41,100614834,5001649866561
2015-05-27,263.9,264.22,259.72,260.16,103094585,6037398931750
2015-05-28,261.13,261.93,260.06,260.06,93498428,4931302696570
2015-05-29,259.88,261.91,259.47,260.39,106343249,5675872280472
2015-06-01,259.84,260.0,257.13,258.74,80713574,4138656355086
2015-06-02,258.8,259.49,255.91,256.29,114420592,4834843278953
2015-06-03,256.54,257.44,253.51,254.11,104074267,4477385862976
2015-06-04,255.4,257.04,254.34,255.47,101269972,5675249228744
2015-06-05,254.09,256.12,254.0,254.94,94583710,4501892723154
2015-06-08,254.87,254.87,253.34,254.21,84658216,3995890637679
2015-06-09,253.78,255.06,252.68,253.51,79051343,3922922272710
2015-06-10,255.5,255.68,251.95,252.11,85553747,4260871777754
2015-06-11,253.77,253.83,251.74,252.32,129133552,5457754935523
2015-06-12,253.94,254.77,250.84,251.66,89308353,4435951978580
2015-06-15,250.14,251.37,249.38,250.74,67758114,3564945792715
2015-06-16,250.94,251.0,246.42,248.49,93164622,4515694409110
2015-06-17,249.27,249.53,247.52,249.08,71024150,3652687161601
2015-06-18,250.42,251.26,248.92,249.67,72995691,3912136774375
2015-06-19,251.37,251.41,249.79,249.84,88051502,4018830160857
2015-06-22,251.6,252.69,250.45,250.99,64166618,3083063430245
2015-06-23,253.25,255.42,252.52,254.52,83598457,3666383655573
2015-06-24,255.01,255.24,253.79,254.94,72505623,3554205226842
2015-06-25,253.84,254.66,253.42,253.8,80939569,3910912365970
2015-06-26,253.29,255.35,252.89,254.48,83208331,4073639344861
2015-06-29,250.61,251.96,250.36,251.26,89002620,4015674372917
2015-06-30,250.52,252.39,250.2,252.27,74407057,3733537280113
2015-07-01,252.49,255.52,251.65,255.07,85790155,4112132198433
2015-07-02,255.84,256.12,254.75,255.5,90089731,4776561635069
2015-07-03,255.34,255.62,253.56,254.66,98712696,3790918101966
2015-07-06,251.25,252.54,248.03,248.3,166945414,4217849733231
2015-07-07,249.57,249.86,246.56,248.05,149355998,5443820667821
2015-07-08,248.65,248.66,244.94,244.94,118840432,4695532954272
2015-07-09,243.17,246.77,241.49,246.77,107123052,4797236334131
2015-07-10,247.8,247.8,246.08,246.83,101705134,4474921784436
2015-07-13,247.0,250.12,246.64,249.84,118985564,4348627266125
2015-07-14,250.7,250.79,247.98,248.64,107053904,4671361859400
2015-07-15,249.63,250.94,248.38,249.65,188368464,4913855778451
2015-07-16,249.51,251.59,249.3,251.47,150452766,4809873628665
2015-07-17,253.05,253.15,249.02,250.23,133782095,5896152895279
2015-07-20,250.02,250.52,248.43,248.91,95326330,3626104765188
2015-07-21,249.93,251.15,248.57,250.35,108289339,3996502847804
2015-07-22,248.69,249.42,247.04,247.88,96059690,4106646132814
2015-07-23,248.3,248.39,246.46,247.31,96301019,4080615906375
2015-07-24,246.66,246.67,244.38,244.91,95762104,3967408683441
2015-07-27,243.58,246.16,243.54,244.98,98465634,4351258890295
2015-07-28,243.82,246.1,242.86,245.21,97425491,4454488439335
2015-07-29,246.75,247.36,245.73,245.97,85212197,4497678394951
2015-07-30,246.01,246.5,243.61,243.61,106335826,5007997196167
2015-07-31,244.62,244.9,241.87,244.3,95354595,4568105041769
2015-08-03,243.71,243.71,241.06,241.48,79207892,3722243660854
2015-08-04,241.46,243.56,241.42,243.55,71970280,3462796043568
2015-08-05,243.5,244.05,242.33,243.12,75475583,3497395034226
2015-08-06,243.85,243.86,239.98,240.04,84494907,4193959033532
2015-08-07,239.71,240.15,238.66,239.79,61300292,3184965772229
2015-08-10,239.54,239.58,238.07,239.18,64388927,3020720793500
2015-08-11,241.23,241.92,237.85,237.91,96678163,3563420237806
2015-08-12,237.06,238.65,234.75,237.24,103292020,4665465255640
2015-08-13,237.02,238.38,235.79,237.32,80878100,3616450251927
2015-08-17,238.22,238.28,235.35,235.37,61976494,2877699394279
2015-08-18,236.69,236.95,234.98,235.2,78968295,3463217327125
2015-08-19,235.49,236.22,232.47,234.27,104794952,4845483720802
2015-08-20,233.28,233.55,231.16,231.59,78670261,3588914103585
2015-08-21,226.06,228.53,225.18,227.14,104152076,4641106927003
2015-08-24,225.16,226.58,217.52,221.53,116372962,4631805809910
2015-08-25,222.56,225.69,218.6,223.07,140958023,5057899293600
2015-08-26,222.49,228.14,221.3,227.71,139394577,5152267683141
2015-08-27,229.78,230.34,228.11,228.94,107374929,4781006405925
2015-08-28,231.81,232.55,231.1,232.35,101461050,4530034360397
2015-08-31,231.56,232.8,230.53,232.8,97988704,4203720194541
2015-09-01,231.86,232.5,229.51,229.55,77917832,3439525464561
2015-09-02,226.36,230.71,226.03,229.91,79282229,3626343683499
2015-09-03,231.52,231.77,229.58,230.4,73804353,3278489105861
2015-09-04,231.23,231.38,227.11,227.9,67222468,3215667439684
2015-09-07,227.53,228.71,226.13,227.31,58979662,2680418069674
2015-09-08,227.97,228.61,226.61,227.76,82248106,3324283717616
2015-09-09,230.54,234.4,230.5,234.4,82866831,3781037320470
2015-09-10,232.34,237.18,231.96,237.18,95434451,4026083887732
2015-09-11,234.52,235.54,233.61,233.74,65039813,2927711648988
2015-09-14,234.45,234.56,231.65,233.06,60761375,2728299950239
2015-09-15,232.91,233.91,232.49,233.59,55627251,2776067760941
2015-09-16,234.89,239.29,234.77,238.78,89244074,4118246164509
2015-09-17,240.35,240.35,238.51,239.29,85405732,3960649257232
2015-09-18,239.01,241.3,236.93,241.12,84509934,4335293234803
2015-09-21,238.06,239.11,236.3,236.72,52059895,2532702441246
2015-09-22,237.84,239.05,236.74,238.68,62133209,2916986608990
2015-09-23,235.85,237.02,234.25,234.26,71152793,3628031492664
2015-09-24,235.65,235.96,233.9,234.26,56936529,3105004719386
2015-09-25,234.48,234.99,232.66,233.79,53231378,2868829818049
2015-09-30,230.45,236.73,230.34,236.71,76014873,4196501628851
2015-10-01,236.6,239.61,235.83,238.62,62046934,3255573983978
2015-10-02,238.39,239.17,237.15,237.15,65101460,3101031786662
2015-10-05,238.45,240.14,237.61,237.98,63859605,3120372176405
2015-10-06,240.28,240.58,239.1,240.18,66714714,3557653947872
2015-10-07,241.14,243.6,241.13,243.52,63799686,3954521179201
2015-10-08,244.82,246.02,243.25,246.02,74520359,3983296674925
2015-10-12,246.16,247.49,245.29,246.49,104494756,4184664279846
2015-10-13,246.22,247.04,245.1,246.04,71240361,3312103194706
2015-10-14,245.43,245.74,243.91,244.94,69342277,2978475592144
2015-10-15,244.82,248.53,244.69,247.89,70561029,2959535026516
2015-10-16,248.34,248.35,246.71,247.37,66047784,3459317215965
2015-10-19,247.49,248.19,246.44,247.47,54635233,2434895237377
2015-10-20,247.57,248.72,247.07,248.53,78290367,2827606701017
2015-10-21,248.4,250.59,247.93,249.25,83571782,3643041068283
2015-10-22,249.04,249.43,246.69,247.22,89011798,4225369800123
2015-10-23,249.82,251.32,248.97,249.41,80981068,3875239746465
2015-10-26,250.58,250.63,249.38,250.36,67719247,2994325573891
2015-10-27,249.52,250.18,248.71,250.04,64323611,2871514409500
2015-10-28,250.03,250.03,248.33,249.79,87705222,3805180005609
2015-10-29,251.19,253.41,248.85,248.93,138191335,4645002960438
2015-10-30,249.2,250.87,248.83,249.41,76798487,4453453073635
2015-11-02,249.86,250.66,249.33,250.6,61867648,3419736831381
2015-11-03,251.44,252.94,251.33,252.12,92475178,4263568873241
2015-11-04,252.74,253.22,251.11,252.33,60765708,3457227920521
2015-11-05,251.77,252.13,250.58,251.79,60049790,2699787534392
2015-11-06,251.53,252.05,249.8,250.25,76265135,2799759773415
2015-11-09,249.87,250.01,248.29,249.21,75324281,4022730501211
2015-11-10,247.77,247.84,244.94,245.86,77450305,4034569900440
2015-11-11,245.47,246.65,244.13,245.86,64210429,2769952065208
2015-11-12,245.73,245.97,245.0,245.14,49479962,2286085928295
2015-11-13,243.16,243.98,242.56,242.71,59938835,2977364056529
2015-11-16,239.41,240.81,238.84,238.87,98793414,3919770304003
2015-11-17,241.99,242.93,240.93,241.26,62912745,3088162698230
2015-11-18,241.76,242.65,241.16,241.44,80099108,2920730411832
2015-11-19,243.1,244.79,242.54,244.79,73733891,3566255983864
2015-11-20,244.74,245.5,244.31,244.8,97645966,2843078788082
2015-11-23,245.48,246.86,244.94,245.92,69101132,3046652349081
2015-11-24,245.96,248.05,245.77,247.51,69430965,3089876753824
2015-11-25,247.79,247.85,246.45,246.58,70518981,3015239753695
2015-11-26,247.21,249.91,247.21,249.43,84297638,3042310777432
2015-11-27,250.46,250.6,248.93,249.07,66676192,2544394597423
2015-11-30,248.3,248.4,243.85,244.24,117528212,5004038590844
2015-12-01,245.47,249.08,245.39,248.7,61341937,3126363917511
2015-12-02,248.9,249.0,246.6,246.6,55558673,2531222950119
2015-12-03,245.46,245.49,243.12,244.68,49723906,2319389345414
2015-12-04,241.86,243.31,241.64,242.15,47979419,2186369296143
2015-12-07,243.76,243.81,240.67,240.68,48477246,2202563375795
2015-12-08,240.86,241.77,239.19,239.23,63313204,2399912388823
2015-12-09,239.59,240.3,238.67,239.4,65350852,2511247399257
2015-12-10,239.28,241.31,238.99,240.6,81176361,3539291689593
2015-12-11,240.65,241.83,239.78,240.35,61336104,2834688303628
2015-12-14,237.55,238.49,236.94,238.17,72617272,2910172639587
2015-12-15,239.13,239.54,237.98,238.8,54287605,2386657094870
2015-12-16,240.89,244.37,240.82,243.49,66772308,3024276814360
2015-12-17,245.2,245.69,242.77,244.17,63271699,2735880324128
2015-12-18,241.71,244.14,241.42,243.0,61138437,2635755645112
2015-12-21,243.01,244.69,242.01,243.76,53526616,2236257042150
2015-12-22,244.06,245.51,242.58,245.48,69969664,2636121939965
2015-12-23,245.64,247.49,244.97,246.53,68707198,2867465380880
2015-12-24,247.81,247.96,245.33,245.33,58777272,2283734891335
2015-12-28,245.38,245.51,241.79,241.79,66381094,2616934445828
2015-12-29,240.69,241.61,238.9,241.22,61632840,2497228090306
2015-12-30,242.13,242.42,240.03,240.38,67553918,2651479477910
2016-01-04,239.3,239.35,234.63,234.63,68178667,2814102225470
2016-01-05,233.96,237.25,233.96,236.13,67016942,2952300794063
2016-01-06,236.48,236.48,233.27,234.6,89014282,4174044758266
2016-01-07,233.23,234.54,231.52,231.93,88011926,3561632187892
2016-01-08,230.4,233.78,229.91,233.68,117164870,3730367181343
2016-01-11,230.77,232.27,230.34,230.83,76834602,3238551523124
2016-01-12,232.45,232.85,230.25,230.55,72236893,2804922574435
2016-01-13,232.24,234.26,231.89,233.52,71912690,2907015240475
2016-01-14,230.68,231.52,229.41,231.38,78137065,3287624480174
2016-01-15,233.38,233.76,228.01,228.78,96870678,3358110282102
2016-01-18,225.56,229.16,225.33,228.59,79302811,3110773812402
2016-01-19,228.79,230.12,227.03,230.08,80141538,3251127350040
2016-01-20,229.29,229.3,222.92,224.54,121075003,3938746723959
2016-01-21,224.83,226.61,223.81,223.81,145374520,3594071343615
2016-01-22,226.35,228.79,226.31,228.79,115528756,3242839974610
2016-01-25,229.98,231.37,228.99,230.21,75662971,2963974588283
2016-01-26,228.66,229.06,226.16,227.19,89529004,3429148508801
2016-01-27,229.19,231.13,228.83,230.96,92894217,3845170249587
2016-01-28,229.07,231.62,228.02,231.51,131304060,5202273701891
2016-01-29,230.97,232.1,228.8,232.1,107901108,5110393818787
2016-02-01,232.87,233.84,232.13,233.67,106256160,3633793699757
2016-02-02,232.27,232.95,231.05,231.1,87256794,3048830991052
2016-02-03,229.29,229.36,227.77,228.97,77801102,3241494832088
2016-02-04,230.3,232.94,230.12,232.91,84733845,3738301797618
2016-02-05,232.73,233.93,232.27,233.3,90041544,3575333411508
2016-02-11,227.77,228.35,226.26,226.7,83572332,3442366686249
2016-02-12,225.5,226.63,223.37,224.98,122056223,4590265390571
2016-02-15,227.84,228.81,226.86,228.4,82004802,3436787710532
2016-02-16,229.26,232.13,228.87,231.52,76712645,3095332901886
2016-02-17,231.66,233.3,230.87,231.94,95029362,4009555135484
2016-02-18,235.08,235.11,233.52,234.74,81407731,3625753947734
2016-02-19,234.11,235.31,233.47,235.27,74342675,2825769009936
2016-02-22,234.58,235.73,233.78,234.95,59585295,2589893724445
2016-02-23,236.54,236.67,234.42,235.03,70243331,2966352082340
2016-02-24,234.3,235.58,233.96,234.91,70372634,2727163307893
2016-02-25,235.57,236.91,233.87,235.37,73319530,3185204743848
2016-02-26,236.39,236.46,234.86,235.22,77666207,3672848473372
2016-02-29,235.4,236.28,234.63,234.63,80364749,3586193760373
2016-03-02,238.45,239.08,238.08,238.63,108551572,4030858745365
2016-03-03,240.2,240.2,238.68,240.09,111240740,3913449501392
2016-03-04,239.84,240.31,238.93,239.74,116636465,3577501790363
2016-03-07,240.47,240.91,239.84,240.21,134368088,3626198957394
2016-03-08,240.27,240.27,237.32,238.44,119589301,3620322986103
2016-03-09,237.64,239.13,237.21,239.13,76741484,3051548212352
2016-03-10,239.91,242.51,239.47,241.43,84244617,3915683487084
2016-03-11,241.29,242.62,241.17,241.97,60922701,3085685609921
2016-03-14,243.9,243.94,241.93,242.15,73873081,3003063518770
2016-03-15,242.47,243.0,241.28,241.83,67444375,2806671742325
2016-03-16,242.04,243.43,241.63,242.35,73418191,3111944151609
2016-03-17,243.65,245.84,243.58,244.09,88888120,3993450704621
2016-03-18,245.25,245.27,243.72,244.63,77050002,3503696933749
2016-03-21,245.44,245.95,243.2,244.28,72832440,2940396636997
2016-03-22,244.75,245.41,244.06,245.41,73835153,3081283778538
2016-03-23,245.33,246.18,244.45,245.23,72958176,2766059723007
2016-03-24,244.3,245.0,243.31,244.08,74738650,2690003785981
2016-03-25,244.61,244.65,243.33,243.79,73171826,2620218803206
2016-03-28,243.86,244.96,243.66,243.95,104246539,2286330771326
2016-03-29,244.55,245.88,244.11,245.53,103639625,2921160802749
2016-03-30,246.98,247.58,246.07,246.54,103093485,3331725016040
2016-03-31,246.95,247.26,244.55,245.86,89221199,3889614200823
2016-04-01,245.59,245.66,241.82,242.36,157191240,3953809741678
2016-04-04,242.38,243.06,241.73,243.05,68617550,2939423272783
2016-04-05,242.1,242.25,240.28,240.58,63928835,2742138401424
2016-04-06,240.85,242.59,240.65,241.99,103088446,3358840462080
2016-04-07,243.05,243.27,241.03,242.29,138883795,3335452080302
2016-04-08,240.59,241.84,239.57,241.77,117363492,3095370711679
2016-04-11,241.79,242.29,240.65,242.06,89458690,2673294915487
2016-04-12,242.05,243.94,241.72,243.71,102075053,2752617894452
2016-04-14,247.01,248.9,246.76,248.89,136902838,4936230313682
2016-04-15,248.47,249.03,247.68,248.53,99584835,3450673285339
2016-04-18,246.7,248.04,246.32,248.0,82378794,3117755054070
2016-04-19,248.67,249.34,247.49,247.88,99751306,3226398492312
2016-04-20,248.63,249.56,247.26,247.26,93347676,3127295584368
2016-04-21,248.45,249.5,247.92,249.39,87878652,3469960879441
2016-04-22,248.44,248.86,247.74,248.32,105792344,2959233226027
2016-04-25,248.33,248.45,247.08,248.13,129122336,3130962396950
2016-04-26,247.81,249.22,247.7,248.92,134475130,3756480882787
2016-04-27,248.87,249.09,248.28,248.69,163101404,4124946176424
2016-04-28,249.42,249.52,245.91,246.27,108535349,4167972644703
2016-04-29,245.9,246.01,243.89,245.2,104339374,3839798744961
2016-05-02,244.86,244.88,243.27,243.47,78967792,2631030617633
2016-05-03,244.88,244.9,243.48,244.29,71151149,2741981831298
2016-05-04,243.29,243.85,242.23,243.31,110856591,3945411339444
2016-05-09,242.84,243.11,241.63,242.23,98228242,4058550392776
2016-05-10,241.97,243.68,241.77,243.68,114280300,3432662325680
2016-05-11,244.39,244.39,241.99,243.07,87896278,2988541347893
2016-05-12,242.23,243.12,241.66,242.34,81718852,2556335556894
2016-05-13,242.61,242.73,240.03,240.6,74186891,2823691589488
2016-05-16,240.01,241.32,240.01,240.82,97138000,2778415866179
2016-05-17,241.67,241.81,240.26,241.03,71716492,2775422831737
2016-05-18,240.32,240.46,238.14,239.82,103981043,3768905029648
2016-05-19,239.45,239.68,238.47,239.04,103127626,3357214659529
2016-05-20,238.67,239.59,238.23,238.74,65914081,2584309031558
2016-05-23,239.6,240.08,237.81,239.85,57833874,2311722532608
2016-05-24,239.28,239.48,237.65,237.65,89473009,2981067307874
2016-05-25,239.68,241.45,239.28,240.91,91189237,3230150465403
2016-05-26,241.56,242.05,240.45,240.58,130282391,3178963011533
2016-05-27,241.25,242.41,240.74,241.85,92225312,3078135156853
2016-05-30,241.94,242.07,240.41,241.73,67446141,2634562925725
2016-05-31,241.03,243.84,240.36,243.63,117966926,5939765451037
2016-06-01,242.7,244.19,242.48,243.58,78835300,3440259378124
2016-06-02,243.88,244.66,243.31,244.18,78953123,3511934056900
2016-06-03,244.94,244.94,243.67,244.39,86345131,3519585254667
2016-06-07,245.55,247.86,245.54,247.85,79435480,3837514151707
2016-06-08,248.24,250.04,247.68,250.04,90733415,3832089724943
2016-06-09,250.19,251.51,248.46,250.19,138770416,5351998025648
2016-06-10,249.86,249.86,248.63,248.96,89452694,3516728687411
2016-06-13,246.74,246.96,243.7,244.05,79114683,3303660584519
2016-06-14,243.79,244.46,242.36,243.35,107840185,3665021059932
2016-06-15,243.41,244.16,242.19,243.3,84095780,3513800840055
2016-06-16,243.66,244.0,240.52,241.61,83308155,3174775955595
2016-06-17,243.35,244.02,241.32,241.63,77334439,3076880658802
2016-06-20,244.44,245.63,243.74,245.17,75085164,2894593217841
2016-06-21,244.6,245.5,243.99,245.34,58402782,2577719925564
2016-06-22,245.17,247.03,244.79,246.75,65848526,2858666344205
2016-06-23,246.42,246.81,245.64,246.31,65983243,2761661533699
2016-06-24,248.23,248.27,234.97,239.21,190032858,6418662058954
2016-06-27,236.79,239.28,236.68,239.28,95450952,3776404241805
2016-06-28,236.78,240.46,236.73,240.08,79648635,3177707027365
2016-06-29,241.29,243.71,240.68,242.32,67355418,3140353003755
2016-06-30,244.25,244.48,242.52,244.14,75453135,3823962902335
2016-07-01,244.96,247.57,244.78,246.52,63045555,2795923495735
2016-07-04,246.66,247.94,246.16,247.62,63633389,2738698383727
2016-07-05,247.67,247.84,246.51,246.91,54810843,2503983570423
2016-07-06,245.37,245.74,240.73,241.86,71672529,3356962572325
2016-07-07,243.15,245.02,242.63,244.6,62210068,2647445053676
2016-07-08,244.3,245.4,242.72,243.43,62667248,3007515501048
2016-07-11,245.64,247.42,245.44,246.99,63842408,3159027128938
2016-07-12,247.36,248.35,246.62,247.14,72907798,3005027649068
2016-07-13,249.44,250.26,247.74,249.25,78644532,3415182012890
2016-07-14,248.95,249.96,248.36,249.8,67346919,3139434814406
2016-07-15,250.61,251.72,249.99,251.02,75735977,3315326645799
2016-07-18,251.08,251.65,250.31,251.52,55902935,2556808811364
2016-07-19,251.64,251.76,250.08,250.97,62163969,2650136696471
2016-07-20,250.37,250.66,249.08,250.66,60017860,2487027243516
2016-07-21,251.11,251.36,249.72,250.44,63663968,2799137191628
2016-07-22,249.43,250.7,248.97,250.04,55603662,2700982201038
2016-07-25,250.4,251.49,249.69,250.65,68796668,2980726573420
2016-07-26,250.19,252.76,249.9,252.72,73285971,2977948307045
2016-07-27,252.63,253.2,252.13,252.73,78388792,3402962712576
2016-07-28,253.27,253.34,251.0,251.86,74226019,3370557552473
2016-07-29,252.24,253.37,251.48,251.48,87035136,3905093333542
2016-08-01,252.91,254.02,252.81,253.81,91146023,3635597057359
2016-08-02,252.8,253.14,251.76,251.93,61749843,2745999378537
2016-08-03,250.56,250.56,248.6,248.65,74698657,2925321621601
2016-08-04,250.22,250.34,248.65,249.24,54041478,2597255426057
2016-08-05,250.21,252.4,249.96,252.36,62003897,3040731445083
2016-08-08,253.34,254.18,252.51,254.11,64329330,3197844176278
2016-08-09,254.38,256.24,254.19,255.85,60354715,2947890557295
2016-08-10,255.68,256.31,255.06,255.43,66935126,3386971842021
2016-08-11,255.14,256.18,254.24,256.18,93471525,3274693206910
2016-08-12,256.86,257.88,255.7,256.17,74918344,3203916881691
2016-08-16,256.95,258.13,256.12,256.15,68324390,2994719141489
2016-08-17,255.82,256.32,254.6,256.04,63810349,2855886076332
2016-08-18,256.62,258.23,255.8,258.11,64012268,3440669809918
2016-08-19,258.42,258.84,257.54,258.69,72796872,3586359611679
2016-08-22,258.54,258.63,256.92,257.27,62921053,2956321434590
2016-08-23,257.57,258.63,257.09,258.42,65706769,3213303466391
2016-08-24,258.4,258.65,256.54,257.3,54461002,3049782962410
2016-08-25,256.78,257.76,256.0,257.26,58803640,3148345627785
2016-08-26,256.17,256.76,255.02,256.23,68304139,2925672476045
2016-08-29,254.93,256.66,254.45,256.49,62755206,2656890641690
2016-08-30,257.27,258.93,257.0,257.49,56516215,2505906599145
2016-08-31,257.21,257.49,255.9,256.87,66352050,3683988543418
2016-09-01,254.95,256.13,253.86,256.03,56098428,3197203075848
2016-09-02,256.16,256.73,255.57,256.5,49266149,2537932084743
2016-09-05,257.85,259.74,257.63,259.64,54167953,2668037130859
2016-09-06,259.39,261.16,259.26,260.93,49969928,2754052621451
2016-09-07,261.15,262.1,260.31,260.31,68749890,3175155245714
2016-09-08,260.72,261.48,259.41,260.86,79382885,3529936959620
2016-09-09,258.68,258.94,256.21,257.31,70053782,3155573186141
2016-09-12,252.37,253.43,250.53,250.53,66332400,3440502377032
2016-09-13,253.39,253.55,251.66,251.77,74548844,3780830527922
2016-09-19,251.51,254.54,251.38,253.93,59750995,3453244766515
2016-09-20,253.86,255.23,253.33,255.09,54626775,2868280529303
2016-09-21,254.65,256.55,254.56,256.52,51982434,2584888798339
2016-09-22,258.46,259.99,258.13,258.34,59904080,2816821908065
2016-09-23,258.44,259.14,257.71,258.37,58392949,3037953240066
2016-09-26,258.07,259.32,256.9,257.48,43876471,2354289752594
2016-09-27,256.16,259.87,255.16,259.57,58684782,2834133399673
2016-09-28,259.32,259.46,257.96,258.21,59186744,2552567372297
2016-09-29,259.6,260.95,259.6,260.35,65365521,3241766780276
2016-09-30,258.3,258.91,257.29,257.49,74918669,4591464672646
2016-10-04,259.51,259.74,258.55,259.18,62561271,3770721767402
2016-10-05,257.51,259.49,256.67,258.99,58014430,3183178390545
2016-10-06,261.6,261.68,259.65,261.13,64936064,4163458364282
2016-10-07,261.17,261.53,259.73,260.06,62369962,3956040065163
2016-10-10,258.85,260.71,257.68,260.31,74083524,3724422203834
2016-10-11,259.29,260.4,255.93,256.15,68770860,4181282119717
2016-10-12,254.69,256.67,254.56,256.2,62692210,3897086393687
2016-10-13,256.19,256.6,253.79,253.93,58490179,3332342848568
2016-10-14,254.7,255.91,254.66,255.09,61589611,2899710157540
2016-10-17,255.9,257.07,253.71,256.19,55157800,2779480319613
2016-10-18,256.17,258.04,255.99,257.98,59070925,2876834031124
2016-10-19,257.25,259.67,257.17,258.21,62057211,3047309775294
2016-10-20,258.55,259.28,257.8,258.41,60714095,3002143197204
2016-10-21,258.16,258.39,256.82,257.26,52581233,2532154834084
2016-10-24,257.83,259.48,257.76,259.48,53738124,2733285402871
2016-10-25,258.79,258.92,257.82,258.57,68927759,3878595930122
2016-10-26,257.73,257.73,254.13,255.52,65631185,3357207309683
2016-10-27,256.25,256.99,255.62,256.66,68404189,3416657909728
2016-10-28,256.45,257.3,255.89,256.53,53169497,3072822030912
2016-10-31,255.6,256.66,255.21,255.93,59124246,3020364387566
2016-11-01,255.35,256.3,253.51,255.99,71630176,3314001304748
2016-11-02,254.27,254.77,252.33,252.83,67054447,3109435458300
2016-11-03,252.44,253.74,251.72,252.9,56223937,2810289972145
2016-11-04,252.85,253.29,251.86,252.57,44617037,2272075099121
2016-11-07,254.79,255.42,254.0,254.6,49039152,2363710184300
2016-11-08,256.2,256.31,254.1,255.26,46853191,2261438960415
2016-11-09,255.83,257.03,246.51,249.67,123178576,5377443347250
2016-11-10,253.8,255.31,252.64,255.31,119315959,4798890599685
2016-11-11,252.93,253.88,251.9,251.99,101509330,4190182312044
2016-11-14,251.59,252.36,250.0,250.01,100351271,3569423240052
2016-11-15,250.39,250.93,249.18,249.2,87818072,3603830227326
2016-11-16,250.93,251.54,250.23,250.32,79965323,3494217303972
2016-11-17,249.62,250.86,248.71,250.46,67352391,2579326165296
2016-11-18,250.9,251.02,249.23,250.21,78549869,2890926002934
2016-11-21,249.7,250.8,248.93,249.51,55387654,2540077044433
2016-11-22,250.85,252.85,250.47,252.37,62525564,3019881269737
2016-11-23,253.09,254.71,252.22,253.66,68300279,3485492017282
2016-11-24,253.22,253.71,251.44,252.03,53636068,2623871361325
2016-11-25,252.19,252.84,251.64,252.26,44610915,2106743184683
2016-11-28,252.46,253.63,250.87,252.96,45864117,2378200642134
2016-11-29,252.98,253.63,252.32,252.91,50824405,3444237326709
2016-11-30,253.2,255.0,252.86,254.26,67935831,4406936276525
2016-12-01,254.84,255.23,254.06,254.48,59348372,3209992183908
2016-12-02,253.93,254.22,252.06,252.88,55138585,2836609702659
2016-12-05,252.12,253.04,251.52,252.14,50360824,2177874869458
2016-12-06,253.88,256.27,253.85,255.63,61484818,3064703989249
2016-12-07,256.57,257.05,255.96,256.34,54699576,2887478487232
2016-12-08,258.79,262.0,258.63,262.0,74290339,4066091773233
2016-12-09,261.24,261.29,260.34,260.91,58353707,2936298538273
2016-12-12,261.59,261.69,259.89,260.72,56950418,2720614717520
2016-12-13,260.38,261.72,260.08,261.63,77992348,3061200423323
2016-12-14,262.64,262.86,261.12,262.0,55929094,2503848970921
2016-12-15,259.9,262.08,259.82,261.45,55035212,2420554316722
2016-12-16,261.59,262.91,261.16,262.56,60475001,2966409150236
2016-12-19,262.03,263.22,261.86,261.93,46955399,2145966064263
2016-12-20,262.78,263.26,262.14,262.59,51200598,2231068476745
2016-12-21,263.76,264.42,262.1,262.1,62168086,2549895248190
2016-12-22,262.71,262.92,261.66,261.97,53376423,2376817062691
2016-12-23,262.1,262.26,261.3,261.61,46535716,2263079615337
2016-12-26,261.83,262.27,261.36,261.9,45262568,1920270190425
2016-12-27,262.35,262.85,261.79,262.49,52535692,2140360995766
2016-12-28,259.65,260.59,259.52,259.7,54257286,2288224628871
2016-12-29,259.02,260.04,258.62,260.01,48685043,2298802955232
2017-01-02,259.42,261.21,258.64,260.36,36913098,1865849599741
2017-01-03,261.55,263.0,260.72,262.97,61838711,2893837634982
2017-01-04,263.19,263.27,262.47,263.12,68765255,3001392772662
2017-01-05,262.88,262.94,261.64,261.98,78823343,3328611035594
2017-01-06,263.01,263.61,262.66,263.2,56571680,2541335924779
2017-01-09,263.83,264.55,263.34,263.74,59178996,2880966547653
2017-01-10,263.15,263.88,262.83,263.73,60748649,2641088642250
2017-01-11,264.24,268.91,264.18,268.15,76588092,3547032946773
2017-01-12,268.48,269.95,267.93,269.95,70686267,3226230840360
2017-01-13,268.34,268.68,267.66,267.91,61589373,2991314400598
2017-01-16,267.71,268.53,265.37,266.15,63875675,3010311082049
2017-01-17,266.65,268.53,266.33,267.37,64796636,2685024597659
2017-01-18,267.64,267.96,265.37,267.08,56660039,2629579829105
2017-01-19,269.3,270.01,266.39,267.7,59532818,3003151900499
2017-01-20,266.45,267.35,266.18,266.52,55384328,2669327046806
2017-01-23,266.77,267.84,265.53,267.12,56738408,2558354380536
2017-01-24,267.79,268.25,266.24,267.3,54347701,2743461593617
2017-01-25,268.65,269.04,267.28,268.15,63437525,3291481770270
2017-01-26,269.15,271.21,268.47,270.48,70097760,3571290477565
2017-01-31,269.61,270.0,268.09,268.09,69680296,3636560417407
2017-02-01,269.16,269.97,268.87,269.56,65867724,3350004451571
2017-02-02,269.63,271.25,268.01,268.49,76734549,3868242774876
2017-02-03,269.1,269.62,267.37,268.85,71589138,3579325988152
2017-02-06,270.65,271.08,268.75,269.49,71640529,2983511312712
2017-02-07,269.52,269.68,268.51,268.97,71251793,3276875904494
2017-02-08,268.51,268.56,265.76,267.72,64572994,3533479603559
2017-02-09,267.99,268.91,267.21,267.69,72700925,3470745469192
2017-02-10,269.04,269.72,268.43,268.66,83141378,3769872878334
2017-02-13,268.48,268.85,267.88,268.81,71066151,3072695368686
2017-02-14,268.82,269.34,267.05,267.9,68621518,3411326468152
2017-02-15,267.64,269.47,267.06,268.81,75724901,3611295291065
2017-02-16,269.48,270.22,268.32,268.93,65399494,3210117757042
2017-02-17,267.6,269.02,267.6,268.84,59750742,3780681567916
2017-02-20,269.41,269.92,268.57,269.73,54535018,2488967990762
2017-02-21,269.9,273.13,269.7,272.11,61709519,2973030766243
2017-02-22,272.61,273.15,271.96,272.85,64581121,3244636955444
2017-02-23,272.61,273.18,272.18,272.89,64488761,3504080335955
2017-02-24,272.61,272.84,269.76,270.38,116666716,4279795208511
2017-02-27,270.35,270.62,268.72,268.97,81075967,3371652548314
2017-02-28,269.27,270.62,269.1,270.06,88888146,4046477192797
2017-03-02,272.14,273.34,271.35,272.65,105762247,5114289328517
2017-03-03,271.03,271.48,268.77,269.77,78076004,4036706881748
2017-03-06,269.07,270.74,268.36,270.41,72120004,3629015884884
2017-03-07,270.22,272.45,269.96,271.87,69476314,3052229774703
2017-03-08,271.65,273.21,271.32,272.29,68167291,3455465278146
2017-03-09,272.73,272.97,271.56,271.62,71716179,3569604025825
2017-03-10,271.08,273.0,270.24,272.29,67632712,3266066501785
2017-03-13,273.03,276.25,272.79,275.41,72075754,3239505858962
2017-03-14,276.8,278.2,276.51,277.89,80672576,3928311788211
2017-03-15,276.91,278.22,276.78,277.89,72419269,3396841381065
2017-03-16,280.99,281.35,279.26,280.11,86725649,3815009101867
2017-03-17,280.02,281.95,279.65,281.86,86561511,3892151714750
2017-03-20,281.08,281.16,280.0,280.75,59316709,2964130799778
2017-03-21,281.54,284.4,281.23,283.84,82816507,4424450501663
2017-03-22,281.07,282.66,280.85,282.63,89305234,4351699982749
2017-03-23,283.29,284.38,282.58,282.81,76370251,3931736496589
2017-03-24,282.66,284.0,281.49,282.31,71004116,3834194006246
2017-03-27,281.1,281.79,279.98,280.36,70908557,3657208946182
2017-03-28,281.85,282.24,280.5,281.25,62564692,3195522972405
2017-03-29,282.52,282.54,281.27,281.86,68195387,3877385456321
2017-03-30,282.44,283.11,280.95,281.66,58287059,3095291057341
2017-03-31,282.03,282.09,280.63,280.64,59369890,3112035087961
2017-04-03,281.51,282.35,280.85,281.6,56544977,2858771606810
2017-04-04,281.25,281.77,280.32,280.92,59581842,2946839544384
2017-04-05,280.99,281.36,278.76,280.74,72393402,3330415973020
2017-04-06,279.57,279.81,278.2,279.47,56812702,2822200201082
2017-04-07,279.64,279.82,277.63,279.01,65058927,3005078542167
2017-04-10,278.69,278.69,276.5,277.21,59920338,2635239580020
2017-04-11,276.55,277.46,275.01,275.49,59390435,2796799509961
2017-04-12,276.11,276.43,275.28,276.21,57613345,2739490821873
2017-04-13,276.38,279.12,275.66,279.12,74096570,3466707770644
2017-04-14,277.59,278.14,276.12,277.31,44577916,2142152920288
2017-04-17,278.06,279.06,277.49,278.1,47713679,2370882093420
2017-04-18,279.36,279.42,277.05,278.23,54714303,2673853297531
2017-04-19,277.66,278.07,275.97,276.49,65259961,3291528491196
2017-04-20,276.32,278.04,275.75,277.76,69505228,3983707731483
2017-04-21,279.44,280.89,278.8,280.05,60449939,3640332873920
2017-04-24,281.66,282.04,280.81,281.96,68129347,3004659290541
2017-04-25,282.17,285.47,282.0,285.41,76977206,4030219621724
2017-04-26,286.04,287.22,285.79,286.78,84108088,4215145671269
2017-04-27,285.8,287.76,285.52,287.34,83543761,4866320024649
2017-04-28,288.51,289.02,286.76,287.21,78761769,4560138138224
2017-05-02,288.6,291.12,288.39,289.65,69806537,3701778827984
2017-05-04,290.53,292.47,290.53,292.47,65038449,3546391393710
2017-05-08,292.95,299.86,292.66,299.86,102035695,5504366533365
2017-05-10,299.81,304.26,295.53,296.19,128100790,7090216099536
2017-05-11,297.25,300.22,296.35,299.75,111189592,6146382407734
2017-05-12,299.78,300.1,297.84,298.25,74390373,4024927661163
2017-05-15,298.54,299.84,297.51,298.87,58674063,3175292119949
2017-05-16,301.25,301.65,298.05,299.67,97285311,4728249025339
2017-05-17,299.02,299.95,297.9,299.34,77839180,3813702220278
2017-05-18,296.34,298.78,295.66,298.47,83316998,4109496744043
2017-05-19,298.26,299.1,297.44,298.08,74781456,4399637291383
2017-05-22,299.76,300.7,298.98,300.63,71066311,4423982378271
2017-05-23,301.44,303.7,300.41,301.36,76648597,4238907893213
2017-05-24,302.32,302.79,301.23,301.71,111991199,4181738161733
2017-05-25,302.83,305.34,302.18,305.22,100091464,4643095281047
2017-05-26,305.41,308.51,305.07,306.96,98095084,4626936418970
2017-05-29,307.98,309.32,305.13,306.52,105979749,4119367978723
2017-05-30,306.89,306.99,303.11,304.59,94122923,3968559582728
2017-05-31,303.79,306.18,303.64,304.67,114684218,5769616075756
2017-06-01,304.74,305.3,302.99,304.03,77246409,3827520109606
2017-06-02,305.34,308.01,305.27,307.83,94028198,4466469343282
2017-06-05,308.52,308.59,306.79,307.33,76116505,3689379635448
2017-06-07,306.94,307.59,305.42,305.68,87994842,4502015378494
2017-06-08,305.7,306.87,304.17,306.25,126075318,5920742834949
2017-06-09,307.51,310.02,307.17,309.38,118710845,5543439126906
2017-06-12,307.74,308.31,305.59,306.24,95851668,4656924479869
2017-06-13,306.25,308.29,306.25,308.02,94388271,4408346559037
2017-06-14,309.53,310.05,307.03,307.95,113446691,5291755069722
2017-06-15,308.02,308.83,305.04,306.69,95414968,4625017221360
2017-06-16,306.97,307.4,305.82,306.79,87835200,4725309999146
2017-06-19,307.14,309.29,306.19,308.61,87803667,4292948678945
2017-06-20,310.55,310.63,308.72,309.31,122387584,5779857996548
2017-06-21,307.61,308.0,306.13,307.52,100934522,5255532671796
2017-06-22,308.6,309.47,307.28,309.47,88484411,5648665657717
2017-06-23,309.36,310.58,308.96,310.26,81460822,4880608456865
2017-06-26,310.53,312.22,310.13,311.89,71899575,4169265405501
2017-06-27,311.72,312.95,311.05,312.12,131745542,5529692522547
2017-06-28,310.71,312.03,310.47,310.84,94923309,4998786017186
2017-06-29,312.86,313.79,312.26,312.56,103106398,4508043625118
2017-06-30,310.61,311.76,310.17,311.76,73223855,4225147805607
2017-07-03,312.5,312.93,310.85,312.39,71751189,3900279448225
2017-07-04,312.42,312.82,309.78,310.46,89184202,3887904035617
2017-07-05,309.87,312.1,309.64,311.77,68312133,3842856737633
2017-07-06,312.17,312.5,310.76,311.88,73586251,4034016703868
2017-07-07,310.17,311.45,309.62,310.66,87671047,4571904238144
2017-07-10,311.65,312.41,310.72,311.46,78671662,4046085444637
2017-07-11,312.04,313.7,311.5,313.59,85934694,4011831099383
2017-07-12,313.5,314.3,313.21,313.58,89115637,4345038802843
2017-07-13,315.46,318.4,315.03,316.35,94915778,5140028204848
2017-07-14,317.7,318.29,316.81,317.35,103194905,4350949240541
2017-07-17,319.22,319.45,317.86,318.52,74535407,3956107361590
2017-07-18,318.38,318.66,317.59,318.65,80887404,3703523330434
2017-07-19,319.15,319.15,317.52,318.91,77075918,4089738540956
2017-07-20,319.68,320.99,318.67,320.61,81103749,4321284297954
2017-07-21,320.17,322.01,320.0,321.79,81102212,4191060011473
2017-07-24,321.74,322.01,320.82,322.01,71711973,3680032962481
2017-07-25,321.7,322.16,319.72,320.15,82694588,4409107020732
2017-07-26,320.86,320.9,318.68,319.46,96654810,5283667421831
2017-07-27,320.63,321.46,319.51,320.51,75487143,4276044809860
2017-07-28,319.01,319.18,313.72,314.13,100379903,5777687016973
2017-07-31,312.73,314.81,312.2,314.6,82978153,4358661971770
2017-08-01,313.58,318.58,313.19,317.04,81842515,4303444539531
2017-08-02,318.58,318.86,317.17,317.69,94041237,4201632570722
2017-08-03,316.95,317.02,310.22,312.29,112323353,5304688528206
2017-08-04,312.8,314.14,311.89,313.46,79345689,4111330293008
2017-08-07,314.34,315.75,313.24,313.96,68357456,3562379220222
2017-08-08,314.94,315.66,311.99,313.4,71588473,3666878727665
2017-08-09,311.2,312.34,309.18,309.52,73811324,3802938704545
2017-08-10,308.3,309.78,305.73,308.37,105187032,5202078299618
2017-08-11,303.37,304.96,301.32,302.72,96750588,5160368030587
2017-08-14,304.99,305.84,303.75,304.93,68089765,3779420441647
2017-08-16,308.27,308.66,306.59,307.16,89402156,5022495097405
2017-08-17,307.85,309.58,307.16,309.02,99260891,3740044959407
2017-08-18,305.91,309.08,305.9,308.39,77615713,3369481032122
2017-08-21,309.09,309.09,307.56,308.14,62873236,3028510658956
2017-08-22,308.66,309.93,308.5,309.34,63192141,3070649428736
2017-08-23,311.02,311.52,308.85,309.71,62660515,3205871980477
2017-08-24,310.14,311.73,309.72,310.73,72198296,3744399219094
2017-08-25,311.56,312.16,310.24,311.21,73859701,3662322151911
2017-08-28,310.69,311.79,308.89,309.53,63867035,3210055847361
2017-08-29,307.46,308.64,304.24,308.64,65554242,3445292081432
2017-08-30,309.08,309.65,308.45,309.65,59533620,3451742776832
2017-08-31,309.77,310.33,307.14,308.28,99272919,4371104132993
2017-09-01,308.85,309.43,306.82,307.78,75664939,3862823650911
2017-09-04,302.52,306.38,302.45,304.19,67728884,3434817486588
2017-09-05,305.64,305.66,303.06,304.06,75190110,3862075783184
2017-09-06,303.62,303.85,302.41,303.18,91537909,4350192849941
2017-09-07,304.4,307.56,304.36,306.97,80368098,3848102302363
2017-09-08,307.68,308.1,306.63,307.43,69035548,3757208132138
2017-09-11,309.06,311.26,308.95,309.83,81058065,3981428177595
2017-09-12,311.7,311.78,309.53,310.42,70412925,3755631811743
2017-09-13,311.16,312.24,309.76,310.0,86743767,4592953998402
2017-09-14,310.82,312.52,309.75,312.52,132258809,5441369368074
2017-09-15,311.19,313.69,310.82,313.69,92788509,5218226371873
2017-09-18,314.31,318.93,314.17,318.93,77353516,4339807764038
2017-09-19,319.04,319.45,318.03,318.51,89265871,4453909356371
2017-09-20,319.1,320.4,317.19,318.48,93158499,4725764747922
2017-09-21,318.38,319.23,317.4,318.25,92117705,4788179812346
2017-09-22,318.06,319.15,315.47,316.71,91114385,5079817066442
2017-09-25,316.81,317.35,315.3,316.4,78658264,3986503652476
2017-09-26,314.96,315.68,313.68,314.29,85806558,5059062765312
2017-09-27,314.73,314.73,313.32,313.82,66673270,3878777344869
2017-09-28,314.32,315.17,312.88,313.85,70539657,4014682387427
2017-09-29,314.6,316.45,314.6,316.27,63212819,3942332277837
2017-10-10,321.29,324.0,320.57,322.49,99579460,6696477250165
2017-10-11,323.97,326.2,323.43,326.12,86127576,5308125671841
2017-10-12,326.58,328.11,325.96,328.11,98833956,5505867078538
2017-10-13,327.7,328.44,326.65,327.35,100703167,5976336117190
2017-10-16,328.57,329.42,326.99,327.82,85193431,5243513341722
2017-10-17,328.69,329.21,327.84,328.51,76864867,4456197492170
2017-10-18,328.06,329.43,327.13,328.4,75593716,4838133908848
2017-10-19,328.67,329.34,326.04,326.47,90044307,5844648236747
2017-10-20,327.08,328.89,327.02,328.89,99616734,4811962825188
2017-10-23,330.24,330.55,328.5,329.45,75013146,3964089821601
2017-10-24,329.34,330.12,328.91,328.96,70814509,3814863366273
2017-10-25,329.75,330.05,327.84,329.31,83839076,4076001898485
2017-10-26,328.63,329.65,326.99,326.99,99449481,5830162510812
2017-10-27,327.5,329.75,326.62,329.23,90502528,5186494788997
2017-10-30,331.72,331.72,329.62,330.38,90392456,5737414310921
2017-10-31,330.05,334.4,329.66,333.57,97634681,6234497042555
2017-11-01,335.67,338.76,335.6,338.76,93840159,6268921749341
2017-11-02,339.33,339.59,336.83,337.53,86219221,4743178222815
2017-11-03,339.08,339.12,336.16,338.83,75755995,4313773291422
2017-11-06,338.66,339.01,334.53,337.4,77983014,4375053479306
2017-11-07,337.23,338.35,336.0,336.76,114245452,4772268101923
2017-11-08,335.2,338.9,335.02,337.8,114008667,4603473031337
2017-11-09,338.55,338.59,334.99,337.14,108972254,5742598762293
2017-11-10,335.64,336.69,334.63,335.96,86246292,4298247634462
2017-11-13,336.63,337.34,333.73,334.33,91507408,5045467255450
2017-11-14,334.63,334.73,333.13,333.62,94187998,4767107625951
2017-11-15,333.39,333.6,331.36,332.17,112556915,5612815301377
2017-11-16,332.75,334.92,331.84,334.36,82133725,4299695988858
2017-11-17,336.05,338.04,334.18,334.18,92925135,5109579186620
2017-11-20,334.43,335.18,332.26,332.92,76767515,4366587250714
2017-11-21,333.78,334.92,332.7,333.51,123280202,5328132986233
2017-11-22,335.93,337.05,334.62,335.49,114422106,5631658882909
2017-11-23,335.66,335.89,333.99,334.51,71015884,3542189526854
2017-11-24,334.77,335.44,333.86,335.44,73264290,3240654233821
2017-11-27,335.24,335.61,329.47,329.53,91207728,5051998137445
2017-11-28,330.19,331.58,328.51,330.99,93026253,4971143235249
2017-11-29,331.41,332.22,330.04,330.68,67852315,3906430409257
2017-11-30,328.45,329.55,324.82,325.25,121247727,7818042818452
2017-12-01,326.85,326.85,324.5,324.78,82199536,4572000493507
2017-12-04,326.31,328.77,324.88,328.77,91082609,4583920367963
2017-12-05,326.77,330.17,326.34,329.61,97569907,4296909571016
2017-12-06,329.48,329.51,324.52,324.52,129647868,4700538225592
2017-12-07,325.31,325.53,322.39,323.59,128719433,4874456398164
2017-12-08,324.84,325.38,323.42,324.68,125459527,4135934800605
2017-12-11,325.13,325.4,323.34,325.09,90620838,3722365705237
2017-12-12,325.15,325.26,323.27,324.07,91125283,4039764211083
2017-12-13,324.14,326.58,323.13,326.18,90539672,4182221522775
2017-12-14,327.0,331.22,324.74,324.74,134155182,7272529973656
2017-12-15,327.39,328.34,325.36,326.23,128652626,4878527064241
2017-12-18,327.09,327.16,325.64,326.6,103730896,3593469759174
2017-12-19,327.62,329.43,325.82,326.76,86085462,4205242935363
2017-12-20,326.2,327.51,325.55,325.79,66251852,3727956598415
2017-12-21,325.82,325.88,319.72,319.72,86541346,4507851681486
2017-12-22,320.86,321.89,319.55,321.21,81169545,3914488598346
2017-12-26,322.14,323.43,318.89,318.89,87522605,4721094978690
2017-12-27,318.18,320.25,316.9,320.25,74283096,4023741701524
2017-12-28,320.63,324.74,320.34,324.74,68940395,3382317505504
2018-01-02,325.73,326.45,324.3,326.0,70743522,3696938947310
2018-01-03,327.13,328.37,326.56,327.13,109848429,4684188040857
2018-01-04,329.52,329.52,324.58,324.58,106564749,5672704382845
2018-01-05,326.06,329.03,325.78,328.97,96164059,4876293484694
2018-01-08,330.83,331.65,328.47,331.28,88480267,5119132468670
2018-01-09,330.67,332.7,328.53,330.25,100983981,5782221228526
2018-01-10,330.87,330.97,327.07,327.61,140728353,6932605706198
2018-01-11,326.92,327.98,325.07,325.67,120937660,6069708598483
2018-01-12,327.34,327.5,324.22,326.72,143376639,7230028153840
2018-01-15,328.57,328.94,326.21,327.39,98449639,4606554901242
2018-01-16,327.44,330.5,326.65,330.02,107815819,5264950740754
2018-01-17,329.31,330.21,328.03,329.19,95197163,4888699784862
2018-01-18,331.03,331.88,328.77,329.13,94897476,5090818410244
2018-01-19,329.81,330.55,328.51,329.52,94693624,4704660816767
2018-01-22,328.78,328.84,324.56,326.27,80821473,4661310148889
2018-01-23,327.42,330.93,327.17,330.93,102543043,5157944203365
2018-01-24,330.37,332.44,329.86,330.91,89710389,4997151797348
2018-01-25,330.67,334.5,330.6,334.08,124683283,5700828530578
2018-01-26,333.75,335.38,332.51,335.38,112866799,5884213779499
2018-01-29,337.28,339.27,337.05,338.05,121234328,5917987438499
2018-01-30,336.62,337.88,333.4,333.4,109651135,5931311549926
2018-01-31,332.38,338.48,331.65,333.38,113798703,8884895388505
2018-02-01,335.06,335.66,332.93,333.36,92493025,5953451583993
2018-02-02,332.69,332.69,326.3,327.01,100573692,6408709919865
2018-02-05,322.05,324.64,320.6,323.29,101936202,6168728067747
2018-02-06,316.62,319.15,312.62,318.01,126683154,6854096008937
2018-02-07,322.06,322.1,310.47,310.48,106916193,6252780309871
2018-02-08,310.84,314.24,309.95,311.62,111638307,5905890951276
2018-02-09,303.54,306.34,303.47,304.83,103308860,5512310921604
2018-02-12,306.91,309.65,305.17,308.13,84613588,4303749220930
2018-02-13,310.45,314.15,309.23,310.87,86757409,5052463198110
2018-02-14,313.33,315.53,312.81,314.4,69232691,4149119110998
2018-02-19,318.42,318.8,314.51,316.61,70084091,4078959743687
2018-02-20,315.19,315.73,312.2,312.83,56031782,2967903679399
2018-02-21,313.14,314.95,310.99,314.47,61420889,3764450559063
2018-02-22,312.72,313.49,311.13,312.17,65201706,3251475776057
2018-02-23,313.89,316.81,313.89,316.81,74326791,3719487099366
2018-02-26,318.49,318.6,316.12,317.34,86345770,4003107100180
2018-02-27,319.52,320.71,316.83,316.83,69195047,3777421346195
2018-02-28,315.89,317.42,312.75,312.86,94901084,4933486017674
2018-03-02,310.11,310.42,306.88,308.35,83585114,4092223914284
2018-03-05,308.39,308.79,304.46,304.58,66486940,3451553812164
2018-03-06,308.15,310.65,306.95,310.46,87806119,4533913722593
2018-03-07,311.57,314.11,309.11,311.14,97307265,4928516947187
2018-03-08,313.62,314.78,311.04,314.78,92592366,5046134101187
2018-03-09,316.06,320.47,314.87,317.67,108412925,6916213129444
2018-03-12,321.32,321.86,319.69,320.7,93547167,5082724733785
2018-03-13,320.98,322.98,320.37,322.98,96756675,6428334212083
2018-03-14,320.72,322.27,320.39,321.99,76075102,4848382595776
2018-03-15,322.06,323.44,319.76,322.74,70221874,4399708565866
2018-03-16,322.94,323.42,320.3,322.88,75856708,4896884586195
2018-03-19,322.57,322.8,319.72,320.35,73051142,3924348149248
2018-03-20,317.79,321.8,317.66,321.79,65015460,3816578254530
2018-03-21,322.19,322.85,321.46,321.6,72017719,3986168595990
2018-03-22,322.97,324.72,321.8,323.32,91616742,4598417209385
2018-03-23,316.6,317.13,311.78,312.42,102460781,5671106560859
2018-03-26,311.93,314.89,309.85,314.89,82453842,4443560071792
2018-03-27,317.22,317.39,315.24,316.34,86172586,4820883424696
2018-03-28,312.54,313.06,310.35,311.81,95208146,5789953178110
2018-03-29,312.03,314.45,310.8,313.82,85494465,5569632559635
2018-03-30,316.19,316.92,314.59,314.61,111256198,4472189548599
2018-04-02,315.56,317.07,313.62,314.0,85963494,4400454489396
2018-04-03,311.03,313.38,309.91,313.38,132269356,5453352254817
2018-04-04,314.21,314.21,308.33,308.54,139804489,5688338907308
2018-04-05,311.12,314.53,310.3,313.04,103602013,4852504584667
2018-04-06,310.39,312.32,309.73,311.61,107254276,5046007551580
2018-04-09,310.88,313.88,310.86,313.45,101642863,4810820726362
2018-04-10,312.53,314.77,309.58,313.94,91825928,5287167765273
2018-04-11,314.83,315.45,312.44,312.94,108373705,5368637897175
2018-04-12,313.92,314.69,312.99,313.22,95163393,5390376253794
2018-04-13,314.42,315.71,313.77,314.86,92858837,4625669081700
2018-04-16,316.45,316.53,314.14,315.17,69234245,3833345852808
2018-04-17,315.44,316.48,313.95,314.64,73081680,4003327793719
2018-04-18,316.58,319.28,316.55,318.64,93161795,4917966735822
2018-04-19,319.26,320.68,318.47,320.12,116870128,6578700418608
2018-04-20,318.6,319.39,317.29,317.89,104385114,5345885639513
2018-04-23,317.32,318.28,316.5,317.89,108889156,5812715567493
2018-04-24,318.24,318.3,314.43,315.86,94691235,5594169737265
2018-04-25,313.09,314.43,312.1,313.99,82175475,5418152313108
2018-04-26,315.55,319.06,314.95,318.08,91035948,5786385760497
2018-04-27,321.39,322.93,319.43,320.8,92189979,6173782303342
2018-04-30,321.93,323.58,321.66,323.56,139570146,5985825526445
2018-05-02,323.56,323.97,321.99,322.53,158304073,7941117223702
2018-05-03,322.83,322.95,320.55,320.55,117280149,5474854199761
2018-05-04,320.56,321.0,316.75,316.75,173911992,8093694656764
2018-05-08,317.79,319.53,314.95,315.87,141252903,6919186819993
2018-05-09,315.93,316.08,312.6,314.42,123610877,6584060543238
2018-05-10,316.51,317.34,315.11,317.31,120900799,6307001100657
2018-05-11,318.03,319.7,317.86,318.51,112400273,4957941667580
2018-05-14,318.93,319.5,317.09,317.72,141538609,6464768599828
2018-05-15,317.73,318.35,314.57,314.94,128386791,6135995143914
2018-05-16,313.81,316.62,313.78,315.97,129023454,6373156198122
2018-05-17,317.33,317.77,314.29,314.29,107625556,5075647578970
2018-05-18,315.5,315.8,314.46,315.37,83885741,4196203252372
2018-05-21,315.74,317.19,313.45,316.25,96767581,4111814130122
2018-05-23,316.45,319.04,316.01,318.31,122345138,6450081701995
2018-05-24,318.93,319.46,316.55,317.48,83136549,4274901823806
2018-05-25,315.92,318.88,315.43,318.05,130285429,6377054596903
2018-05-28,318.37,319.99,318.04,318.99,147738402,6775686466372
2018-05-29,318.7,319.4,316.18,316.2,117359573,5807872275593
2018-05-30,314.64,315.2,308.07,309.26,135723801,6677363824776
2018-05-31,312.01,312.26,309.84,310.92,228470211,10310100311042
2018-06-01,310.13,314.14,309.87,313.22,120951008,6161003452627
2018-06-04,313.7,315.46,313.26,314.84,104433092,5623439394069
2018-06-05,315.12,316.07,312.83,315.76,105957534,5122297274604
2018-06-07,317.94,319.19,317.03,317.67,108023493,5500919501502
2018-06-08,316.94,317.25,314.53,314.97,103097911,5316866312327
2018-06-11,315.24,317.35,314.24,317.22,103064680,4782564410243
2018-06-12,317.81,318.3,316.21,316.84,122232887,5796782102395
2018-06-14,314.6,314.82,311.03,311.2,147740327,7338282021513
2018-06-15,312.43,312.55,308.71,308.73,127404321,6500715011141
2018-06-18,308.73,308.95,303.77,305.35,121133368,5877908461780
2018-06-19,304.92,305.79,300.74,301.35,117682210,5708152480026
2018-06-20,302.95,305.69,301.83,304.02,104269432,5150293309050
2018-06-21,304.06,305.04,301.02,301.02,101197347,4694754346060
2018-06-22,298.81,303.72,298.71,303.69,92739484,4541162678936
2018-06-25,302.77,303.99,300.69,303.37,83138792,4198688504733
2018-06-26,300.3,303.83,299.5,302.76,95031259,4712868270480
2018-06-27,302.73,304.29,301.92,302.25,100170817,4996078434517
2018-06-28,299.91,300.83,297.72,298.26,88459439,4350199698427
2018-06-29,299.37,300.28,295.97,299.66,91792665,4569990389613
2018-07-02,299.12,300.04,292.93,292.93,93227856,4230411058307
2018-07-03,294.89,295.06,290.89,293.35,88702982,4364412491895
2018-07-04,293.54,294.63,291.87,292.26,67009732,3504749116574
2018-07-05,292.12,293.6,289.9,291.63,64860933,3258904529457
2018-07-06,292.04,294.73,290.09,293.11,100948428,4792463581695
2018-07-09,293.88,296.63,292.58,295.2,80243411,3979764751352
2018-07-10,297.14,297.99,295.84,296.19,74327612,3441567560317
2018-07-11,293.8,295.27,291.77,294.43,102397446,4082714668573
2018-07-12,294.94,296.63,293.77,294.41,94349370,4603512741617
2018-07-13,295.88,298.99,295.86,298.65,88560244,4643185388943
2018-07-16,298.71,299.56,297.06,297.37,69363778,3566932728952
2018-07-17,297.46,298.15,295.74,296.88,77991692,3407251229450
2018-07-18,299.2,300.24,296.08,296.47,78882065,3574343629886
2018-07-19,297.71,297.94,295.52,295.9,85404326,3959394484715
2018-07-20,295.78,297.52,294.05,296.95,76112114,3581137886673
2018-07-23,296.81,296.81,293.8,294.56,87894415,4302795647096
2018-07-24,294.92,296.05,293.28,295.49,99972013,4423362880148
2018-07-25,295.99,297.17,294.29,294.85,85722422,4778637274154
2018-07-26,296.2,298.22,295.11,296.95,93045034,4911433855000
2018-07-27,297.29,297.88,296.21,297.78,71327558,3826449667827
2018-07-30,297.01,298.0,295.99,297.29,66415670,3451049757144
2018-07-31,297.01,297.79,296.14,297.45,71873287,3680476333839
2018-08-01,298.32,299.96,298.06,298.69,70926189,3643637578664
2018-08-02,298.25,298.54,292.89,293.55,75898396,3551745667574
2018-08-03,294.45,295.85,293.59,295.61,63188526,3216560052047
2018-08-06,295.79,297.37,294.78,295.24,70148503,3539852950574
2018-08-07,295.79,297.38,294.37,297.18,70324394,3698027475076
2018-08-08,297.97,298.46,296.78,297.19,76314169,4146030806932
2018-08-09,297.23,297.41,295.61,297.41,87043225,5037409816759
2018-08-10,295.93,296.1,293.05,293.64,94304585,4817811603853
2018-08-13,291.21,292.09,288.11,289.85,94718605,4396705492350
2018-08-14,290.03,291.64,289.61,291.08,75903274,3582613205528
2018-08-16,287.1,289.05,285.42,288.24,93688087,4605333928452
2018-08-17,288.57,289.35,287.78,288.57,67286037,3263528960465
2018-08-20,289.78,290.93,288.15,288.61,74149913,3303899031835
2018-08-21,288.51,292.41,287.94,291.93,79695581,3963397500576
2018-08-22,292.45,293.83,291.93,293.0,81675940,4170097936849
2018-08-23,294.21,294.37,292.39,294.29,73747948,3667288916457
2018-08-24,293.26,295.91,292.53,295.54,70163666,3388104617311
2018-08-27,296.21,297.34,295.3,296.83,85300783,3956655529274
2018-08-28,298.67,298.95,296.6,297.22,84392569,4072068982620
2018-08-29,297.31,298.23,296.63,298.05,81223962,3509560572414
2018-08-30,298.44,299.99,297.37,298.05,80675778,3835891913218
2018-08-31,296.49,300.07,296.09,300.07,107570452,4465991185881
2018-09-03,299.15,299.28,296.85,297.49,64698983,3071766494260
2018-09-04,297.72,299.2,296.86,298.8,64654196,3159212150279
2018-09-05,297.89,298.4,294.37,294.96,81061721,3728873915973
2018-09-06,294.23,295.82,293.62,294.28,79880306,3903126939564
2018-09-07,292.26,293.79,290.69,292.86,90385670,4618916569772
2018-09-10,292.37,294.06,292.25,293.7,84203824,4030223078816
2018-09-11,293.42,294.75,291.49,292.46,83406572,4476181616610
2018-09-12,292.74,293.29,290.89,292.35,87628838,4445807787786
2018-09-13,292.5,293.42,291.78,292.42,98537251,5267689450952
2018-09-14,295.19,297.38,295.04,297.29,83088746,4119078657731
2018-09-17,296.7,296.74,294.14,295.23,64924720,3414772420858
2018-09-18,293.06,296.51,293.03,296.1,77064535,4124124073608
2018-09-19,297.63,297.72,295.5,296.64,94195142,4692280457534
2018-09-20,297.47,300.45,297.12,299.04,97943342,5041783640668
2018-09-21,299.84,300.81,298.9,300.81,124341794,6800221723333
2018-09-27,299.54,302.6,299.54,302.59,120499022,5891318418685
2018-09-28,302.53,302.64,299.83,300.51,111432440,5516314185424
2018-10-01,301.55,301.97,299.3,300.17,77258157,3970719068179
2018-10-02,300.2,300.93,296.36,296.53,86569267,4199937375394
2018-10-04,296.42,296.42,291.26,291.78,107326531,5811937193588
2018-10-05,291.42,292.66,289.33,291.28,93624742,4779068193919
2018-10-08,290.02,292.29,289.91,289.91,69771638,3400036239814
2018-10-10,290.23,290.37,286.92,287.85,117740377,7397844111310
2018-10-11,281.52,282.65,275.15,275.15,144521665,6747289233533
2018-10-12,275.82,281.26,275.43,279.37,101671628,4940692757191
2018-10-15,278.35,278.91,276.49,277.19,73193716,3657854684759
2018-10-16,278.73,279.52,276.22,276.9,60611347,2944447081398
2018-10-17,280.07,281.99,279.1,280.05,75387664,4167001599650
2018-10-18,278.73,280.01,277.3,277.48,68805037,3257531450403
2018-10-19,275.08,279.03,273.81,278.63,74645366,3674247655617
2018-10-22,276.78,279.89,275.99,279.4,62448017,2899812401190
2018-10-23,277.31,277.57,270.72,272.54,88689272,5559186494519
2018-10-24,274.07,274.24,270.64,271.36,99127483,5247937322304
2018-10-25,264.46,267.09,262.97,266.72,120406748,6483939176133
2018-10-26,267.04,267.04,260.16,262.69,111377919,5392266697702
2018-10-29,262.82,265.29,259.84,260.19,109741941,5137323943132
2018-10-30,259.15,264.74,259.06,262.47,122394635,5630196652135
2018-10-31,263.55,264.14,261.03,264.01,107853227,5050664779173
2018-11-01,264.72,266.97,262.77,262.95,102278226,4798820698562
2018-11-02,266.16,272.79,265.82,272.56,111230624,5309478620111
2018-11-05,270.22,270.45,266.67,270.07,81490998,3776086876738
2018-11-06,271.01,272.01,268.57,271.57,77834307,4091238576660
2018-11-07,271.43,273.79,269.77,270.45,119321151,4772928829380
2018-11-08,274.88,276.34,272.07,272.11,99215698,4712339748446
2018-11-09,272.25,273.57,270.85,271.33,80922694,4123381481859
2018-11-12,268.66,272.27,268.64,271.57,78003512,4515248204846
2018-11-13,267.03,269.89,264.63,269.7,88279879,4739505580985
2018-11-14,269.58,270.01,267.75,268.88,87327525,4363930480164
2018-11-15,267.93,271.69,267.68,271.54,74356914,3692925170183
2018-11-16,272.95,273.52,271.06,271.65,74598298,3480585074411
2018-11-19,272.01,274.05,270.83,272.31,75006908,3480858123034
2018-11-20,268.54,270.58,268.54,269.58,80899102,3880360467523
2018-11-21,265.96,268.49,264.95,268.27,81838470,3882424005490
2018-11-22,268.51,269.11,267.15,267.76,64407135,3063776482402
2018-11-23,268.12,268.54,264.86,266.33,58346725,2670694749282
2018-11-26,266.43,269.95,266.41,269.79,75646157,3530103516816
2018-11-27,270.9,272.47,269.27,272.08,71912688,3546474442279
2018-11-28,272.64,273.53,271.35,273.45,79830421,3620540346365
2018-11-29,277.08,277.54,273.4,274.16,80652902,4069219575187
2018-11-30,274.53,275.51,270.88,271.35,137531112,5812541105366
2018-12-03,275.7,276.98,273.59,276.18,89066271,4152829605786
2018-12-04,275.08,275.72,272.03,273.29,80802395,3897860819302
2018-12-05,269.53,272.38,269.47,271.49,75635435,3342050645046
2018-12-06,270.18,270.18,266.61,267.18,86092868,4060589345248
2018-12-07,268.97,269.66,267.03,268.28,68450011,3147429655931
2018-12-10,264.55,266.2,263.63,265.35,77296844,3588159891539
2018-12-11,265.87,265.99,263.87,264.69,70035635,4125616627380
2018-12-12,266.0,268.84,265.55,268.47,83687595,4159483899539
2018-12-13,269.07,271.06,268.22,269.41,145056075,6838593091401
2018-12-14,269.69,269.69,264.44,265.55,99732068,4468640862740
2018-12-17,265.81,267.19,265.41,266.33,71454024,3402623667914
2018-12-18,264.42,266.83,263.93,265.18,90334804,3832078358037
2018-12-19,266.02,267.55,265.26,267.31,81750117,3672903521028
2018-12-20,265.13,266.34,263.12,264.81,81335792,4033121030077
2018-12-21,263.66,265.06,263.15,265.06,92599760,4430738210785
2018-12-24,263.51,265.09,262.96,264.45,61962310,2930704270241
2018-12-26,261.09,262.49,259.35,260.98,92492817,4372645819995
2018-12-27,261.53,261.71,259.73,260.57,84457075,4081822214885
2018-12-28,261.61,262.85,261.27,261.98,62700573,2895635870321
2019-01-02,263.35,263.77,257.47,258.23,69949709,3186640984476
2019-01-03,258.19,258.7,255.35,255.77,90520685,3971916869836
2019-01-04,255.62,258.12,254.55,257.89,91200480,4173872799949
2019-01-07,261.11,263.13,260.76,261.57,92321424,3960240416630
2019-01-08,261.29,262.43,259.39,259.65,86910036,3358745354328
2019-01-09,260.95,266.05,260.87,265.6,98746921,4114636634226
2019-01-10,265.73,266.85,264.61,265.55,99826751,3989492014812
2019-01-11,266.58,267.58,265.56,267.13,81083817,3260831742264
2019-01-14,266.22,266.7,264.23,264.99,74929076,3325000484027
2019-01-15,265.62,270.02,265.37,269.93,87169802,3513449970139
2019-01-16,269.96,271.28,269.05,271.23,100498222,3416239221438
2019-01-17,271.66,273.05,270.81,271.88,86748241,3854972250980
2019-01-18,273.02,273.95,272.56,273.88,78967732,3481414513039
2019-01-21,274.99,275.14,272.29,274.0,86547203,3591530890125
2019-01-22,274.08,274.6,271.45,272.71,68867101,3201812357650
2019-01-23,271.35,274.51,271.03,273.87,99955945,3468749110644
2019-01-24,274.1,276.64,273.74,276.61,132858044,4135428047020
2019-01-25,277.3,281.72,277.04,281.67,115510069,5043670720403
2019-01-28,282.56,283.46,280.47,281.64,95967224,4371925875945
2019-01-29,281.12,283.0,279.65,283.0,130944151,4209885993777
2019-01-30,282.86,286.63,282.24,286.62,134732109,4928603671429
2019-01-31,288.85,288.87,285.89,285.89,153503910,5954789946431
2019-02-01,287.07,288.34,285.43,285.79,114631068,4819940653560
2019-02-07,287.54,287.67,284.97,285.65,100691203,4310362564652
2019-02-08,283.85,284.01,280.95,281.49,88711061,3996965573801
2019-02-11,281.75,282.19,280.02,282.1,79973737,3719089579717
2019-02-12,282.12,284.32,281.43,283.69,92106932,4321296757818
2019-02-13,285.09,285.59,284.13,284.97,93292244,3946711345203
2019-02-14,284.25,288.68,282.91,288.68,112394979,4848017763029
2019-02-15,286.42,286.42,282.81,283.98,77187790,3632959561167
2019-02-18,285.6,287.02,284.64,285.9,73482620,3426204471015
2019-02-19,285.36,286.12,283.16,284.91,62750439,3120247367429
2019-02-20,286.55,289.22,286.21,288.4,88582603,4358725077090
2019-02-21,287.43,289.28,286.05,288.41,88241133,3988961992438
2019-02-22,287.29,288.74,286.54,288.74,70343270,3113762120009
2019-02-25,290.19,290.32,287.84,289.0,73419643,3453315611180
2019-02-26,288.52,289.2,287.06,287.89,81326244,3651855307146
2019-02-27,288.9,289.41,288.09,288.76,72744240,3613385128832
2019-02-28,288.13,288.62,283.8,283.8,129089236,6168135554206
2019-03-04,286.12,286.68,282.16,282.51,107549409,4951354155993
2019-03-05,281.42,281.89,279.53,280.45,78805311,3714665604588
2019-03-06,280.09,280.26,278.72,279.85,75225423,3544145381698
2019-03-07,279.33,280.98,277.44,278.87,78636297,3647183778966
2019-03-08,277.18,278.0,274.84,274.84,71640389,3304833311630
2019-03-11,275.5,276.28,273.88,275.06,64827413,3004400057052
2019-03-12,277.41,278.48,276.94,277.73,63959075,2976821871295
2019-03-13,276.92,277.12,274.04,276.0,61494895,2842575788226
2019-03-14,276.79,277.4,274.78,276.64,95821503,4546638668490
2019-03-15,276.42,280.5,276.31,279.87,123126129,5250375802861
2019-03-18,280.27,280.77,278.92,279.93,60901379,2880391972422
2019-03-19,280.3,280.4,278.63,279.82,55394656,2611815094660
2019-03-20,278.84,280.07,276.34,279.92,61168125,2849450287284
2019-03-21,281.14,284.39,280.63,282.38,97092920,4858252878406
2019-03-22,283.92,284.55,282.09,283.13,117733859,5629471532603
2019-03-25,279.12,279.21,277.19,277.45,77320301,3095952527919
2019-03-26,278.43,278.49,276.91,277.6,65750906,3049236031429
2019-03-27,277.01,278.16,274.87,277.28,67774293,3096586681780
2019-03-28,275.02,276.2,273.9,275.08,66916887,2975104940737
2019-03-29,276.33,277.01,274.32,276.48,82279150,3801328127617
2019-04-01,278.41,280.93,278.41,280.32,76673645,3275488520128
2019-04-02,281.67,282.47,281.0,281.72,72184617,3218499197804
2019-04-03,281.88,285.65,281.22,285.65,91589821,4267127415750
2019-04-04,285.29,287.75,284.97,286.15,73802701,3604945933884
2019-04-05,286.03,287.53,285.93,286.68,64885247,2792135519549
2019-04-08,287.78,287.83,285.09,286.38,64574084,3103178190150
2019-04-09,286.51,288.02,285.38,286.71,66225266,3177670478181
2019-04-10,285.44,288.01,285.1,287.92,75078819,3533497049295
2019-04-11,288.33,288.71,286.38,287.42,84683104,4094145341972
2019-04-12,286.89,288.62,285.83,288.37,69060135,3324626451670
2019-04-15,289.54,290.74,289.12,289.38,80433690,3807398661640
2019-04-16,289.18,290.76,288.77,290.62,96134204,3575096655372
2019-04-17,290.68,291.21,289.84,290.33,72665455,3283222307651
2019-04-18,290.88,291.15,285.38,285.82,89653360,4088516858952
2019-04-19,287.18,287.48,285.72,285.89,63866490,2750364929060
2019-04-22,286.06,287.59,284.52,285.87,55190120,2439635224087
2019-04-23,285.85,286.83,285.42,286.47,67375416,2840853010904
2019-04-24,287.82,287.82,281.96,283.7,88608499,4234305926307
2019-04-25,282.8,284.22,281.9,282.83,74577171,3612876228530
2019-04-26,280.86,282.47,279.7,281.34,76724753,3537384041846
2019-04-29,282.0,286.79,281.81,286.79,66981322,3167707547375
2019-04-30,286.25,286.59,282.61,284.92,77989672,3541834078418
2019-05-02,283.37,286.87,283.14,286.12,84184679,3541283215965
2019-05-03,285.64,285.95,283.14,283.67,67794313,3134226245573
2019-05-07,280.89,281.66,278.95,281.31,97721608,3713381352918
2019-05-08,277.85,281.84,277.84,280.15,75002622,3278240138503
2019-05-09,278.83,279.63,271.0,271.0,124007639,5569821055727
2019-05-10,273.37,274.32,269.71,272.06,89435399,4114391194006
2019-05-13,269.8,271.54,268.55,268.72,66867020,2981764856486
2019-05-14,266.03,270.42,265.55,268.57,82188146,3695491737931
2019-05-15,268.42,271.0,267.62,269.64,77018367,3275684428366
2019-05-16,269.83,269.96,265.24,265.99,75959987,3511842338341
2019-05-17,267.85,268.06,263.94,264.35,75096478,3413236959144
2019-05-20,265.9,267.65,264.33,264.96,64227039,2924879368286
2019-05-21,265.25,268.55,264.79,266.12,81019777,3503604498228
2019-05-22,267.01,267.6,263.95,266.65,61655034,2736820498116
2019-05-23,266.4,267.12,264.5,266.38,71658495,3066454483426
2019-05-24,264.7,266.11,263.1,264.42,67233870,2964223613158
2019-05-27,264.18,265.85,263.17,264.4,53143031,2376340850737
2019-05-28,264.38,266.16,263.27,264.7,147263111,6174917561280
2019-05-29,264.1,264.1,260.22,261.37,82787685,3395449585820
2019-05-30,261.58,264.23,261.58,263.93,70344896,3028652503421
2019-05-31,262.48,265.21,261.53,263.89,77788410,3347013252510
2019-06-03,262.68,268.55,262.33,268.16,83610388,3434036613731
2019-06-04,267.84,268.47,266.72,267.66,70288515,2950359041029
2019-06-05,270.1,270.46,267.46,267.99,67510600,3005619127285
2019-06-07,267.97,269.63,266.27,268.27,67967402,2836191532821
2019-06-10,270.32,272.2,268.68,272.1,60889859,2740655208965
2019-06-11,271.48,273.69,271.24,273.21,61242525,2794652829200
2019-06-12,273.14,274.32,272.0,272.74,66921111,2783671201962
2019-06-13,271.96,272.46,268.38,271.13,95795426,4325324797517
2019-06-14,270.19,271.55,268.96,270.48,66714909,3063545822061
2019-06-17,269.83,271.59,269.14,270.09,57064486,2538810987000
2019-06-18,269.77,271.87,269.77,271.36,65723109,2861163060700
2019-06-19,274.4,275.6,274.08,275.31,69733881,3134202514367
2019-06-20,274.63,276.09,274.43,276.01,55336102,2417864969894
2019-06-21,276.17,276.26,274.6,275.48,77279125,3275700388035
2019-06-24,275.91,276.73,275.13,275.58,55539166,2235175475192
2019-06-25,275.33,277.02,274.19,275.28,60506916,2635188938422
2019-06-26,275.21,276.36,274.66,275.53,58818293,2636531194570
2019-06-27,275.47,278.63,275.09,277.75,66303258,3357666030731
2019-06-28,278.03,278.56,276.58,277.5,67598321,2879563279447
2019-07-01,279.59,279.68,276.85,277.27,74357415,3446049534338
2019-07-02,276.06,277.46,274.63,275.97,65541622,2708085812265
2019-07-03,275.57,276.69,271.9,272.37,97522781,3138322118926
2019-07-04,273.18,274.61,271.93,274.54,77523216,2889730039185
2019-07-05,274.74,275.23,272.41,274.35,60022239,2669930245411
2019-07-08,271.38,271.67,268.38,268.55,75098280,2798860670882
2019-07-09,269.6,270.22,267.72,267.72,71884983,3088992268259
2019-07-10,269.29,270.33,268.6,268.75,67510933,2856521464232
2019-07-11,270.58,272.97,270.46,271.78,107368534,3941205319330
2019-07-12,272.21,273.23,271.28,272.68,55656674,2485960210347
2019-07-15,272.06,273.38,270.99,272.64,83605679,2622528071020
2019-07-16,272.79,274.54,272.14,274.05,137054662,3686310177379
2019-07-17,272.13,272.28,270.29,271.48,117945915,3103666563107
2019-07-18,271.05,271.63,269.73,270.67,80138926,2667786035081
2019-07-19,272.71,274.95,272.21,274.55,87942590,3053869624689
2019-07-22,273.9,275.35,273.57,274.55,60909523,2375285760075
2019-07-23,274.93,276.56,274.84,275.92,95081264,3273220039020
2019-07-24,275.12,276.48,272.91,273.22,84288536,3016179050760
2019-07-25,274.08,274.62,271.25,273.04,95653283,3892367136144
2019-07-26,271.41,272.56,270.57,272.25,89843153,3464087185487
2019-07-29,271.21,271.91,267.07,267.75,78754177,2825170333576
2019-07-30,268.69,269.79,268.33,268.95,64529662,2363742485954
2019-07-31,268.46,269.14,265.0,266.34,96236056,3821854343903
2019-08-01,264.97,267.44,264.47,265.73,72578467,2900144068054
2019-08-02,262.61,263.94,261.75,262.99,99663840,3879296495873
2019-08-05,261.1,261.4,256.76,257.19,131042821,4581363192619
2019-08-06,250.85,257.04,250.24,253.41,123167614,4868704186086
2019-08-07,254.46,254.9,251.08,252.0,90744695,3400475060365
2019-08-08,254.11,255.33,252.37,252.4,163707369,5065805527292
2019-08-09,255.13,256.15,254.41,254.85,117692639,3460645501513
2019-08-12,255.57,256.43,254.43,255.35,69377330,2573099713669
2019-08-13,253.5,254.58,252.63,252.83,76819151,2897599654112
2019-08-14,255.84,256.82,254.59,254.86,82238225,3276640342609
2019-08-16,252.76,253.94,251.46,253.9,71830645,2757642467772
2019-08-19,255.2,255.84,254.25,255.11,66018886,2263328984840
2019-08-20,255.53,258.62,254.74,258.05,81693248,2693626724455
2019-08-21,257.15,259.49,257.11,258.38,65481194,2535558588706
2019-08-22,258.53,258.73,256.25,256.28,67254698,2788207817128
2019-08-23,255.11,256.88,254.91,256.11,54778321,2167244121053
2019-08-26,251.8,253.14,250.99,252.19,62611508,2492430812999
2019-08-27,253.74,254.96,252.53,253.5,93381120,3630265074930
2019-08-28,254.2,255.98,253.65,255.53,58341675,2318240600526
2019-08-29,255.68,256.28,253.6,254.31,64846967,2760368857059
2019-08-30,256.85,259.61,256.72,259.0,94156340,3343192630243
2019-09-02,258.25,259.74,257.8,259.08,54887131,2142110566595
2019-09-03,258.55,259.67,257.4,258.25,64324050,2661293663266
2019-09-04,257.89,261.69,257.76,261.69,69291289,2966247941921
2019-09-05,262.53,266.0,262.27,264.44,88986916,3995513946825
2019-09-06,266.2,266.36,264.74,265.53,59196071,2518199324714
2019-09-09,266.11,268.67,265.92,267.4,62206713,2699359791744
2019-09-10,267.96,269.13,267.35,268.76,66344741,2956233791358
2019-09-11,270.35,271.35,269.58,270.84,103898457,4749975097013
2019-09-16,271.48,272.03,269.59,272.02,103336989,4301472917818
2019-09-17,271.46,272.26,270.9,271.68,73743158,3067233132366
2019-09-18,271.88,273.72,271.04,273.06,67595059,2885293905766
2019-09-19,273.11,276.15,273.03,274.92,70498242,3251056400655
2019-09-20,275.01,276.67,274.46,276.44,74026928,3504949353393
2019-09-23,275.86,277.11,275.64,276.65,60185799,2637005690905
2019-09-24,276.41,278.17,275.55,277.97,68274237,2880773705939
2019-09-25,276.67,277.04,274.12,274.42,70837419,3266808901949
2019-09-26,275.61,276.38,273.5,274.89,89589807,2989692883768
2019-09-27,273.32,273.4,270.52,271.33,57736582,2464564532157
2019-09-30,270.61,273.85,270.06,273.55,54691383,2509409605465
2019-10-01,273.43,275.38,272.81,274.42,52634201,2562235882213
2019-10-02,272.39,272.42,268.55,268.55,66211645,2749174720474
2019-10-04,268.14,270.16,267.39,267.39,62876815,2811074179843
2019-10-07,269.12,269.75,266.83,267.67,53573530,2374998780805
2019-10-08,268.9,271.51,267.97,271.36,75077913,3151788399465
2019-10-10,268.79,270.78,266.23,268.8,98180225,4353974613879
2019-10-11,271.68,272.68,270.58,271.3,59636691,2631562427177
2019-10-14,274.71,275.75,273.97,274.23,71046334,2835930851797
2019-10-15,273.85,275.09,273.83,274.34,53052281,2319483030543
2019-10-16,276.26,277.59,275.24,276.32,65378120,2891322354072
2019-10-17,275.92,276.68,274.62,275.57,53874843,2508668709895
2019-10-18,275.99,277.06,272.28,272.81,71469095,3512327274864
2019-10-21,273.87,274.1,272.67,273.79,45392367,1963648187603
2019-10-22,275.4,278.19,274.93,277.41,63876408,2925066497086
2019-10-23,276.83,277.29,275.34,276.23,65290456,3351039234669
2019-10-24,277.7,277.84,274.31,276.7,73683184,3583939064540
2019-10-25,277.6,277.67,275.7,277.07,58281859,3028661168516
2019-10-28,278.16,279.42,277.29,277.78,59073438,2779867187459
2019-10-29,279.25,279.49,276.81,277.55,57148264,2786204337308
2019-10-30,277.49,277.49,274.95,275.51,72533416,3261469033369
2019-10-31,276.84,279.04,275.82,275.82,78339943,3712939047359
2019-11-01,276.17,278.55,275.59,278.43,58542723,2671635057539
2019-11-04,279.9,282.77,279.9,282.54,76998491,3360533109861
2019-11-05,282.99,284.46,282.27,284.38,76359130,3236043920476
2019-11-06,284.31,286.43,283.7,284.52,77954458,3613953787775
2019-11-07,284.04,284.82,283.05,284.37,70724270,3272937846072
2019-11-08,285.81,286.12,282.57,283.13,73682137,3467111419287
2019-11-11,283.3,283.3,280.4,280.85,61560058,2701575463705
2019-11-12,281.9,283.65,280.79,283.65,65567871,2699501796190
2019-11-13,282.28,282.49,280.62,281.28,60131757,2621675351416
2019-11-14,281.9,283.93,281.1,283.93,79764136,3589652578403
2019-11-15,283.85,287.72,283.3,287.29,71653544,3086832047031
2019-11-18,287.1,287.78,285.94,287.18,56111818,2579900022679
2019-11-19,285.74,286.34,283.73,286.23,68173663,3003706393974
2019-11-20,284.27,285.29,282.0,282.21,73554781,3316295933879
2019-11-21,281.89,282.33,276.98,278.28,81751129,3651412493707
2019-11-22,278.57,279.89,278.14,279.43,74348439,2955710234988
2019-11-25,281.77,283.53,281.48,282.19,64510882,3009253493489
2019-11-26,283.09,284.87,281.77,281.83,119522810,5682459774594
2019-11-27,283.56,284.02,281.27,282.85,60896468,2686649759714
2019-11-28,281.23,282.8,281.05,281.23,61623593,2895866321028
2019-11-29,282.08,282.1,276.34,276.78,74603530,3368454822776
2019-12-02,278.27,279.44,276.97,277.44,66611564,3153712651175
2019-12-03,274.93,276.63,273.88,276.19,67284418,3328195345226
2019-12-04,274.36,274.68,272.53,274.15,81917526,4042915954827
2019-12-05,275.65,276.63,272.53,273.3,66509328,3203347199693
2019-12-06,275.19,277.0,274.75,276.56,70112837,2801381841642
2019-12-09,278.31,278.75,277.02,278.03,70519015,2664666718852
2019-12-10,276.8,279.75,276.62,279.31,56665890,2420791528626
2019-12-11,279.19,281.03,278.45,280.28,66847020,2899445521763
2019-12-12,282.62,285.43,282.62,285.11,133649718,6547392256358
2019-12-13,289.34,290.11,288.32,290.11,99615761,4409821989750
2019-12-16,289.54,290.8,289.36,289.76,73743040,3179252560607
2019-12-17,291.76,294.5,290.52,294.4,94368479,4583078182050
2019-12-18,294.31,295.85,293.05,294.22,76912440,3582523830474
2019-12-19,295.06,295.84,292.82,294.31,70191142,3323163957558
2019-12-20,295.58,295.86,293.95,295.31,75968087,3476348983186
2019-12-23,295.84,296.12,293.81,294.87,62094914,2896604465625
2019-12-24,295.18,295.25,292.47,292.9,60605345,2713291642598
2019-12-26,293.12,294.07,291.79,294.06,68476489,3210835020685
2019-12-27,292.37,296.95,291.28,295.2,77505716,3595200041204
2019-12-30,294.6,295.49,293.4,293.77,54972424,2542759847145
2020-01-02,294.19,294.57,289.96,290.35,66161346,3179607127060
2020-01-03,293.1,294.88,289.04,290.74,79773386,3786974299485
2020-01-06,287.73,289.41,287.49,288.43,69955469,3021821664326
2020-01-07,290.01,292.26,289.64,291.23,65345566,3198886938282
2020-01-08,288.94,291.01,287.3,289.42,124529390,5688121940953
2020-01-09,293.83,294.41,292.1,294.41,111792014,5341389662069
2020-01-10,294.8,297.17,294.17,297.06,94157266,4483974821322
2020-01-13,296.62,300.31,296.53,300.13,81682664,3990278991212
2020-01-14,302.2,303.61,300.69,301.53,92120109,4623084030942
2020-01-15,299.91,301.13,298.82,299.74,71766733,3530078753328
2020-01-16,299.93,302.91,298.95,302.78,85707638,3913796987292
2020-01-17,305.07,306.05,302.51,303.3,81541749,3747835662416
2020-01-20,304.99,307.54,304.77,305.58,78037041,4015899532878
2020-01-21,304.94,306.09,301.85,302.11,67631709,3428121382642
2020-01-22,301.79,306.52,301.16,306.08,79333567,4167142026529
2020-01-23,303.77,304.72,301.71,302.33,86908213,4680581087009
2020-01-28,294.98,296.3,291.3,292.77,130172631,6227848864250
2020-01-29,294.38,295.67,292.45,293.98,85731721,4532180797801
2020-01-30,293.27,294.11,287.09,288.37,101535382,5041424591902
2020-01-31,290.24,291.47,284.53,284.53,101455875,4981464166273
2020-02-03,280.17,286.24,279.78,285.05,111063423,5340314145680
2020-02-04,285.19,291.38,285.11,290.68,105451846,5490239355299
2020-02-05,293.57,294.26,290.3,292.02,102639669,5439113078670
2020-02-06,294.74,300.98,294.32,300.65,110215624,5560837664826
2020-02-07,299.59,300.05,296.01,298.21,108113022,6108929462072
2020-02-10,294.07,296.73,293.33,296.24,72223139,3557248081357
2020-02-11,297.91,301.1,297.48,299.28,78351004,4458457437040
2020-02-12,299.83,302.2,298.09,301.54,110634418,4681083404674
2020-02-13,302.79,304.43,300.48,300.93,115074744,5791375282807
2020-02-14,300.95,304.2,299.18,303.01,80533146,3926717009713
2020-02-17,302.84,304.05,300.99,302.76,84276194,3566139143157
2020-02-18,300.26,301.29,297.2,297.74,84753423,4118990134714
2020-02-19,299.68,300.38,295.53,298.33,84259077,4357432708080
2020-02-20,300.34,301.35,295.01,296.65,90009979,4513365141935
2020-02-21,292.16,295.24,291.96,292.42,100708304,4344622684497
2020-02-24,285.51,286.62,281.02,281.02,132824242,6138633825259
2020-02-25,280.48,284.63,279.77,284.24,117025460,5776797027673
2020-02-26,278.45,281.98,277.68,279.94,119551044,5569800712805
2020-02-27,279.46,281.09,276.07,277.09,110499111,5040468461189
2020-02-28,272.33,273.98,267.23,268.02,202612815,7463367783904
2020-03-02,269.59,272.6,265.7,270.37,163722838,5998588583913
2020-03-03,277.44,277.54,270.79,271.56,146719241,5833762398834
2020-03-04,270.13,278.9,270.13,278.13,208456677,5584222109594
2020-03-05,280.66,282.05,277.91,281.38,147443706,5632793180162
2020-03-06,276.74,278.31,274.0,275.1,140905531,4628727479132
2020-03-09,266.39,267.75,261.76,263.11,182667732,6631638705295
2020-03-10,261.94,265.57,260.75,264.67,173094220,7049190397463
2020-03-11,264.63,265.04,255.69,257.01,194207114,6934520722320
2020-03-12,253.93,255.49,243.76,247.62,242469676,9166581685805
2020-03-13,231.71,246.19,227.36,240.65,298898659,10724653461955
2020-03-16,245.21,245.21,232.76,232.97,175050836,6679042837356
2020-03-17,222.94,234.56,222.46,226.89,216732913,8029497804396
2020-03-18,228.63,230.04,215.81,215.83,208043344,7432067068829
2020-03-19,220.72,220.85,196.27,199.28,303559674,9895582687576
2020-03-20,204.84,214.08,200.54,213.67,269348298,8608079172646
2020-03-23,200.8,206.66,198.67,201.87,210303010,7758011833853
2020-03-24,207.65,220.34,205.41,220.34,225734650,8381780045001
2020-03-25,228.37,233.42,224.74,232.89,306106523,10214295980874
2020-03-26,231.91,236.61,229.22,229.34,290839643,9290311651986
2020-03-27,239.11,239.48,227.01,233.79,249097569,8376358610364
2020-03-30,227.05,234.7,225.09,232.45,167229963,5765527826761
2020-03-31,235.2,237.47,232.5,236.82,240443996,10116115759394
2020-04-01,234.23,237.52,226.34,226.35,228582917,7913912554463
2020-04-02,227.47,232.22,223.6,231.84,181789449,7548550111929
2020-04-03,232.48,234.45,229.23,231.7,181037704,6313975247155
2020-04-06,234.4,241.19,233.75,240.81,190735319,6552309976639
2020-04-07,245.65,247.39,240.68,244.87,224450405,8030025997464
2020-04-08,243.71,246.99,241.77,241.89,173124206,6327462222493
2020-04-09,246.13,246.46,243.11,245.61,175943828,6264902174737
2020-04-10,245.14,248.21,244.02,248.0,286111384,8017524561019
2020-04-13,246.59,246.9,243.39,243.4,195898883,6122882379698
2020-04-14,246.2,248.55,244.58,247.45,193118126,6324478963869
2020-04-16,244.99,247.87,243.61,247.1,197540955,7080233242832
2020-04-17,252.52,257.37,252.38,255.02,287358889,8845497222027
2020-04-20,253.85,255.93,251.46,252.14,211000353,7086991401554
2020-04-21,250.26,251.88,245.11,249.4,257155767,9189581681700
2020-04-22,246.16,252.18,244.56,251.88,184498560,6416486137882
2020-04-23,253.42,255.22,251.58,253.74,163807563,6790106157640
2020-04-24,252.47,252.86,249.19,250.28,154306123,5580465389957
2020-04-27,251.18,255.79,250.61,254.84,151357844,5410331030367
2020-04-28,255.91,257.34,253.22,256.39,172425764,6016788152603
2020-04-29,256.58,259.67,256.04,258.15,184478197,6586219380156
2020-05-04,252.44,253.7,250.34,250.6,174038131,6859536880500
2020-05-06,253.76,255.01,251.26,255.0,133276766,5374547560009
2020-05-07,253.88,256.14,253.37,254.46,114357240,4686706807548
2020-05-08,256.66,258.29,256.23,256.62,125220076,5561126579153
2020-05-11,257.67,258.87,254.59,254.95,144301011,5260291537662
2020-05-12,255.33,255.56,250.98,253.37,166805269,6516804838378
2020-05-13,250.03,255.85,249.95,255.85,141246606,6140767209775
2020-05-14,253.26,254.39,252.09,253.65,167643083,6732510779999
2020-05-15,255.34,255.49,252.02,253.79,228895901,6538638175684
2020-05-18,254.55,256.31,252.95,255.44,223000267,6205657035980
2020-05-19,261.12,262.34,259.96,261.79,253334696,8143511605175
2020-05-20,260.48,263.25,260.48,262.72,140295963,5326139182520
2020-05-21,264.52,264.85,263.07,263.74,159483881,6153598950740
2020-05-22,263.82,264.07,258.34,259.62,166029118,5908150660408
2020-05-25,260.95,262.82,259.16,262.76,125429277,5281622020740
2020-05-26,263.48,267.31,262.95,267.31,175423381,7667870230460
2020-05-27,266.71,269.17,265.86,267.64,247180866,8068227452825
2020-05-28,270.17,271.44,264.85,268.29,248929752,9716575144426
2020-05-29,266.62,269.61,265.23,268.32,269468221,9425014256171
2020-06-01,269.29,273.39,268.93,273.19,171513948,6620163965665
2020-06-02,272.65,276.47,272.22,276.08,251026881,6918100295872
2020-06-03,279.14,287.49,278.98,285.91,476504189,13360669496479
2020-06-04,291.17,292.9,284.93,286.45,364576047,11579206919072
2020-06-05,286.3,291.5,284.5,290.62,282059702,9426130594528
2020-06-08,295.41,295.68,289.71,290.77,286659452,9807419646254
2020-06-09,293.96,294.87,287.83,291.32,268569670,10153868978163
2020-06-10,291.03,292.92,289.6,291.9,229067190,8568457805540
2020-06-11,289.98,292.08,284.29,288.62,275904210,11835398554398
2020-06-12,276.97,282.54,276.05,281.78,232833918,10950830279676
2020-06-15,278.61,280.87,267.95,267.95,262444722,12965653357947
2020-06-16,275.89,282.59,274.0,282.59,247894052,9831669310268
2020-06-17,282.08,284.9,278.33,283.02,337224701,11514654556098
2020-06-18,281.74,283.39,280.02,281.91,181587469,7225990784127
2020-06-19,284.56,284.7,278.53,283.37,189129302,7524815125931
2020-06-22,281.01,283.71,280.34,281.42,139843632,6537834172971
2020-06-23,284.64,286.04,279.26,281.94,163675177,8855402677586
2020-06-24,283.71,288.3,283.3,286.7,200574713,9090255155521
2020-06-25,282.38,284.36,279.73,279.73,152979493,6902138577560
2020-06-26,283.36,284.58,280.65,283.38,169014592,6464987386953
2020-06-29,279.36,281.77,277.06,278.04,137759465,6344588901772
2020-06-30,282.55,283.98,280.09,280.09,179501432,8123314196151
2020-07-01,283.1,283.84,279.44,280.26,133801572,6533216781721
2020-07-02,281.3,283.89,280.71,283.86,111369839,6674485713589
2020-07-03,285.59,286.09,283.36,285.89,100221164,5501339178514
2020-07-06,286.84,291.14,286.31,290.62,128117998,6653211452931
2020-07-07,292.74,292.98,286.76,286.77,156134276,8077163540674
2020-07-08,287.2,288.41,285.18,285.97,119448145,6549540426831
2020-07-09,287.8,289.41,287.08,287.25,140609080,7979409781310
2020-07-10,287.87,288.09,283.51,285.06,136769987,7236831906846
2020-07-13,287.92,290.49,286.86,289.84,127051804,6146078384763
2020-07-14,288.42,289.63,286.89,289.63,126301604,6687496172749
2020-07-15,292.94,294.42,290.89,292.27,168346112,8004487949111
2020-07-16,292.34,292.74,288.46,289.25,129448885,6530538092371
2020-07-17,289.9,292.1,289.9,291.57,118643546,6363758702734
2020-07-20,292.76,292.76,289.01,290.81,161819377,8011400978480
2020-07-21,294.03,296.11,293.2,295.16,366994904,11478894516644
2020-07-22,294.71,296.14,293.39,294.04,327318310,10214872505581
2020-07-23,293.62,293.62,290.49,292.37,250981599,11127156014571
2020-07-24,289.84,292.74,289.42,290.66,216209943,9899343055333
2020-07-27,291.03,295.26,290.82,293.51,193245714,8016462420257
2020-07-28,296.53,301.34,296.38,300.13,301281030,10724796861641
2020-07-29,300.57,303.51,299.61,301.25,264445341,9308691719913
2020-07-30,303.13,304.13,301.49,301.85,191758758,8187025482402
2020-07-31,303.69,304.16,298.89,299.32,201965903,8456630905676
2020-08-03,299.57,300.33,297.57,299.46,179728174,9281198070955
2020-08-04,302.5,304.27,301.48,303.04,219866019,9689069353725
2020-08-05,303.94,306.67,302.91,306.64,210808209,12324476490288
2020-08-06,307.88,312.84,307.88,311.32,254205660,12465040710544
2020-08-07,311.99,314.11,310.0,312.57,299118668,12726819518689
2020-08-10,312.75,317.84,312.08,316.77,261178496,13609052636814
2020-08-11,317.63,322.64,317.56,321.02,297602489,14272135551299
2020-08-12,320.31,322.68,317.3,322.68,293136059,12806343586796
2020-08-13,325.84,326.22,319.66,323.33,285739840,13665611144367
2020-08-14,321.59,322.66,316.28,319.24,260399011,11874028433776
2020-08-18,319.57,321.69,311.2,312.84,247516738,12672817000271
2020-08-19,315.96,316.82,313.18,313.54,159932584,8587348509169
2020-08-20,310.45,312.77,301.15,301.59,249735163,11791990076498
2020-08-21,306.17,309.88,303.15,306.16,166304361,8901226972585
2020-08-24,306.86,310.27,303.39,309.33,142209956,7236120208215
2020-08-25,312.45,314.14,310.57,313.59,197815447,8301527086912
2020-08-26,313.61,315.08,309.74,314.19,193544814,8906934090813
2020-08-27,314.46,315.17,311.37,311.38,175568010,9275817889250
2020-08-28,313.86,315.95,311.06,312.24,256410968,9571559626114
2020-08-31,315.46,316.11,307.12,307.14,312176254,13400343737173
2020-09-01,309.08,311.15,307.63,309.81,342809386,10155545538255
2020-09-02,311.69,312.92,308.52,311.5,337044995,9332304788608
2020-09-03,314.73,317.46,314.45,316.43,342178864,11598303315394
2020-09-04,308.25,312.64,308.04,312.03,408030009,12778957016075
2020-09-07,312.08,314.44,310.93,313.67,264670492,10016266959895
2020-09-08,316.31,317.43,314.56,317.38,227269331,10769880838045
2020-09-09,313.54,315.9,312.9,313.77,198501954,10674553854169
2020-09-10,317.92,318.38,315.46,316.53,234267932,9908495691787
2020-09-11,315.64,316.77,313.2,316.45,165157142,7088266997061
2020-09-14,319.83,321.22,318.54,320.98,176783413,7713185173130
2020-09-15,321.82,323.57,320.54,323.36,152449880,7595470234393
2020-09-16,323.14,324.19,321.52,322.31,146879341,7418881751095
2020-09-17,321.3,322.23,316.92,318.0,178303910,10390106000099
2020-09-18,319.2,319.81,316.62,318.39,153535835,8448223497205
2020-09-21,318.13,320.86,314.78,315.89,165855145,8253843598349
2020-09-22,315.53,316.02,307.4,308.82,304358706,9911269449268
2020-09-23,311.5,311.76,303.29,309.64,208052415,8990420535464
2020-09-24,304.85,306.98,301.95,302.48,181246366,8380404784603
2020-09-25,305.38,305.55,301.93,303.57,156860045,6278134678207
2020-09-28,306.49,308.34,304.64,307.03,173178210,5702612987004
2020-09-29,310.01,311.34,308.52,309.44,138815117,6077609003223
2020-10-05,309.65,314.66,309.09,313.51,157986196,7120643481652
2020-10-06,315.13,316.48,313.03,314.45,139894860,6411878183504
2020-10-07,312.34,317.44,311.82,317.35,124429688,5273799827206
2020-10-08,320.31,320.38,316.6,317.47,168692587,8471910138311
2020-10-12,318.99,320.01,317.67,319.15,140937321,6923381907738
2020-10-13,321.04,321.45,316.98,319.58,126741368,6568609540494
2020-10-14,319.6,319.88,315.71,316.57,129341624,6719033619424
2020-10-15,315.76,315.89,312.4,313.92,124410109,6366830510346
2020-10-16,314.41,315.47,309.67,311.83,126440573,6249577959140
2020-10-19,313.43,314.94,312.19,312.59,138223066,6282963020139
2020-10-20,311.02,314.91,309.95,314.71,135684240,8158322100230
2020-10-21,315.34,316.61,314.16,315.76,136809551,6163364636856
2020-10-22,313.62,314.29,311.55,313.77,140732139,6207722373178
2020-10-23,314.98,315.83,312.31,314.79,198024466,6317024911289
2020-10-26,315.63,316.78,313.33,313.53,170879657,8144190442600
2020-10-27,311.5,313.93,310.55,311.8,162315182,8142699508388
2020-10-28,310.66,313.3,309.44,313.17,120214058,5554840759028
2020-10-29,308.99,310.56,306.63,309.94,139037843,7017689911945
2020-10-30,308.91,309.08,301.58,301.6,178914965,8542347776825
2020-11-02,302.67,306.43,301.37,305.95,111034539,5394312960699
2020-11-03,308.14,312.35,308.01,312.07,129003581,7147767979843
2020-11-04,314.31,315.62,311.37,313.83,212323092,10727047794990
2020-11-05,315.74,321.51,315.27,321.51,186088118,9471766601832
2020-11-06,322.72,324.28,320.61,322.1,143961595,8586860682841
2020-11-09,325.25,328.02,324.51,325.83,276824779,9841507816437
2020-11-10,326.33,327.0,323.79,326.13,331188190,12290587959147
2020-11-11,327.04,331.46,327.01,331.12,323227432,12515764415218
2020-11-12,330.57,331.58,328.46,329.72,342298921,10251033085113
2020-11-13,329.09,333.15,328.25,333.03,291359489,10272474856073
2020-11-16,335.2,341.15,335.2,340.63,465748628,13932938953305
2020-11-17,340.84,342.57,339.06,339.85,403201758,12286302530560
2020-11-18,341.07,341.81,338.64,339.96,231636772,9469839834165
2020-11-19,338.56,340.42,337.51,340.16,215097390,7837609798887
2020-11-20,339.48,341.71,338.59,340.62,179112200,7109238794598
2020-11-23,341.51,348.94,340.6,348.46,380836876,9707925162417
2020-11-24,350.3,352.55,348.61,350.28,295437109,11301918073726
2020-11-25,353.05,353.96,346.17,348.3,333143423,16287810142559
2020-11-26,348.66,352.12,346.77,352.12,182185194,8889575576640
2020-11-27,351.83,353.19,350.63,352.73,178419287,8012487283760
2020-11-30,354.7,354.78,346.05,346.05,339062739,15374366774592
2020-12-01,349.37,353.26,349.07,352.4,260004281,9835984594770
2020-12-02,354.33,359.15,354.0,358.66,220902127,10335625145966
2020-12-03,360.36,361.66,358.45,361.66,206857670,10512512938369
2020-12-04,363.28,369.67,363.23,367.63,281110476,13986331358008
2020-12-07,368.59,371.51,365.32,369.86,221800886,12499140635728
2020-12-08,369.73,370.11,363.41,363.45,192366586,11695796708248
2020-12-09,363.77,371.64,363.77,371.47,191952964,10915023264620
2020-12-10,370.74,372.68,365.76,369.37,344585810,15318298080019
2020-12-11,370.45,374.3,370.39,372.24,331020208,14477293316715
2020-12-14,372.14,374.72,370.5,371.56,284473334,12239048973033
2020-12-15,371.75,372.64,367.7,370.88,243331684,10755575092429
2020-12-16,371.86,374.53,371.03,372.53,188952289,8941284879190
2020-12-17,372.12,372.6,368.07,372.0,244579559,11574244722917
2020-12-18,372.02,373.37,370.5,371.55,307533676,13610228450765
2020-12-21,371.51,372.44,368.05,372.18,252572563,12596264404061
2020-12-22,371.08,371.91,366.43,366.43,291110171,12339656502207
2020-12-23,367.02,371.93,364.72,371.32,296021598,14355360989450
2020-12-24,371.67,380.29,371.67,379.18,314368585,14405605822470
2020-12-28,381.51,383.84,378.44,379.93,304328626,18207122791866
2020-12-29,380.34,382.31,377.04,381.27,234719223,14627035274185
2020-12-30,381.21,390.04,379.14,389.29,236858021,12816206027510
